inspection_type,job_ticket_or_work_order_id,job_id,job_progress,bbl,boro_code,block,lot,house_number,street_name,zip_code,latitude,longitude,borough,inspection_date,result,approved_date,location,community_board,council_district,census_tract,bin,nta,x_coord,y_coord
Initial,14234752,PC8661958,1,4004700200,4,00470,0200,40-01,12 STREET,11101,40.756004151647,-73.942854346967,Queens,2026-01-29T08:00:35.000,Failed for Other R,2026-01-30T10:30:35.000,"{'latitude': '40.756004151647', 'longitude': '-73.942854346967', 'human_address': '{""address"": """", ""city"": """", ""state"": """", ""zip"": """"}'}",1,26,25,4441787,Queensbridge-Ravenswood-Dutch Kills,,
Initial,14235099,PC8662006,1,1018360001,1,01836,0001,825,COLUMBUS AVENUE,10025,40.795694093974,-73.965436382921,Manhattan,2026-01-29T08:00:51.000,Rat Activity and F,2026-02-02T11:10:51.000,"{'latitude': '40.795694093974', 'longitude': '-73.965436382921', 'human_address': '{""address"": """", ""city"": """", ""state"": """", ""zip"": """"}'}",7,7,189,1081298,Upper West Side-Manhattan Valley,,
Initial,14234691,PC8659982,1,3016490037,3,01649,0037,640,PUTNAM AVENUE,11221,40.685591942139,-73.936352588778,Brooklyn,2026-01-29T09:04:00.000,Failed for Other R,2026-01-30T09:26:43.000,"{'latitude': '40.685591942139', 'longitude': '-73.936352588778', 'human_address': '{""address"": """", ""city"": """", ""state"": """", ""zip"": """"}'}",3,36,275,3045370,Bedford-Stuyvesant (East),,
Initial,14234701,PC8659789,1,3016490047,3,01649,0047,316,LEWIS AVENUE,11221,40.685119357331,-73.9354876851,Brooklyn,2026-01-29T09:28:00.000,Rat Activity,2026-01-30T09:33:53.000,"{'latitude': '40.685119357331', 'longitude': '-73.9354876851', 'human_address': '{""address"": """", ""city"": """", ""state"": """", ""zip"": """"}'}",3,36,275,3045380,Bedford-Stuyvesant (East),,
Initial,14234524,PC8659919,1,3016440039,3,01644,0039,560,MADISON STREET,11221,40.686363123247,-73.93617156387,Brooklyn,2026-01-29T09:37:00.000,Rat Activity,2026-02-02T12:48:04.000,"{'latitude': '40.686363123247', 'longitude': '-73.93617156387', 'human_address': '{""address"": """", ""city"": """", ""state"": """", ""zip"": """"}'}",3,36,277,3045086,Bedford-Stuyvesant (East),,
Initial,14234753,PC8662129,1,4004700100,4,00470,0100,40-01,10 STREET,11101,40.756836560249,-73.944373250158,Queens,2026-01-29T09:42:08.000,Failed for Other R,2026-01-30T10:28:43.000,"{'latitude': '40.756836560249', 'longitude': '-73.944373250158', 'human_address': '{""address"": """", ""city"": """", ""state"": """", ""zip"": """"}'}",1,26,25,4433379,Queensbridge-Ravenswood-Dutch Kills,,
Compliance,14234795,PC8645452,2,3036110055,3,03611,0055,926,THOMAS S BOYLAND STREET,11212,40.657858016138,-73.910645353888,Brooklyn,2026-01-29T09:44:30.000,Rat Activity,2026-01-30T12:30:48.000,"{'latitude': '40.657858016138', 'longitude': '-73.910645353888', 'human_address': '{""address"": """", ""city"": """", ""state"": """", ""zip"": """"}'}",16,41,896,3082537,Brownsville,1009042,178967
Initial,14234946,PC8659829,1,1014520005,1,01452,0005,307,EAST 77 STREET,10075,40.771830557198,-73.955552807522,Manhattan,2026-01-29T09:48:59.000,Failed for Other R,2026-02-02T07:59:11.000,"{'latitude': '40.771830557198', 'longitude': '-73.955552807522', 'human_address': '{""address"": """", ""city"": """", ""state"": """", ""zip"": """"}'}",8,5,134,1045201,Upper East Side-Lenox Hill-Roosevelt Island,,
Initial,14234540,PC8659764,1,3015530034,3,01553,0034,1409,HERKIMER STREET,11233,40.677296164786,-73.906729167984,Brooklyn,2026-01-29T09:55:41.000,Rat Activity,2026-01-30T12:21:46.000,"{'latitude': '40.677296164786', 'longitude': '-73.906729167984', 'human_address': '{""address"": """", ""city"": """", ""state"": """", ""zip"": """"}'}",16,37,367,3042291,Ocean Hill,1010121,186050
Compliance,14234755,PC8639787,2,1003040033,1,00304,0033,79,CHRYSTIE STREET,10002,40.717303342478,-73.99426423578,Manhattan,2026-01-29T09:56:02.000,Rat Activity,2026-01-29T20:48:53.000,"{'latitude': '40.717303342478', 'longitude': '-73.99426423578', 'human_address': '{""address"": """", ""city"": """", ""state"": """", ""zip"": """"}'}",3,1,16,1003943,Chinatown-Two Bridges,,
Compliance,14234880,PC8645829,2,1021290017,1,02129,0017,142,AUDUBON AVENUE,10032,40.843143797917,-73.936428965362,Manhattan,2026-01-29T10:00:56.000,Rat Activity,2026-01-30T06:42:05.000,"{'latitude': '40.843143797917', 'longitude': '-73.936428965362', 'human_address': '{""address"": """", ""city"": """", ""state"": """", ""zip"": """"}'}",12,10,253,1063096,Washington Heights (South),,
Initial,14235034,PC8660468,1,1019990029,1,01999,0029,3281,BROADWAY,10027,40.818310469632,-73.9563887392,Manhattan,2026-01-29T10:18:43.000,Failed for Other R,2026-01-30T11:48:58.000,"{'latitude': '40.818310469632', 'longitude': '-73.9563887392', 'human_address': '{""address"": """", ""city"": """", ""state"": """", ""zip"": """"}'}",9,7,219,1059935,Manhattanville-West Harlem,996321,237415
Initial,14234542,PC8660480,1,3014430024,3,01443,0024,2366,PACIFIC STREET,11233,40.675298045279,-73.906825706289,Brooklyn,2026-01-29T10:23:56.000,Rat Activity,2026-01-30T12:17:50.000,"{'latitude': '40.675298045279', 'longitude': '-73.906825706289', 'human_address': '{""address"": """", ""city"": """", ""state"": """", ""zip"": """"}'}",16,37,36502,3038778,Ocean Hill,1010095,185322
Initial,14235030,PC8658729,1,2031050034,2,03105,0034,2465,CROTONA AVENUE,10458,40.855502363152,-73.882833068992,Bronx,2026-01-29T10:35:00.000,Rat Activity,2026-01-30T11:58:33.000,"{'latitude': '40.855502363152', 'longitude': '-73.882833068992', 'human_address': '{""address"": """", ""city"": """", ""state"": """", ""zip"": """"}'}",6,15,389,2012914,Belmont,1016662,250984
Compliance,14235035,PC8642448,2,1019870036,1,01987,0036,1496,AMSTERDAM AVENUE,10031,40.818097718134,-73.952830188244,Manhattan,2026-01-29T10:42:43.000,Rat Activity and F,2026-01-30T12:00:19.000,"{'latitude': '40.818097718134', 'longitude': '-73.952830188244', 'human_address': '{""address"": """", ""city"": """", ""state"": """", ""zip"": """"}'}",9,7,219,1059742,Manhattanville-West Harlem,,
Compliance,14234882,PC8645876,2,1021290041,1,2129,0041,506,WEST 173 STREET,10032,40.843090869692,-73.935037530932,Manhattan,2026-01-29T10:45:59.000,Rat Activity,2026-01-30T06:45:26.000,"{'latitude': '40.843090869692', 'longitude': '-73.935037530932', 'human_address': '{""address"": """", ""city"": """", ""state"": """", ""zip"": """"}'}",12,10,253,1063103,Washington Heights (South),,
Compliance,14234759,PC8640496,2,1004090039,1,00409,0039,90,LUDLOW STREET,10002,40.718324034761,-73.989238963688,Manhattan,2026-01-29T10:51:01.000,Rat Activity,2026-01-29T20:49:59.000,"{'latitude': '40.718324034761', 'longitude': '-73.989238963688', 'human_address': '{""address"": """", ""city"": """", ""state"": """", ""zip"": """"}'}",3,1,18,1082501,Lower East Side,,
Initial,14234544,PC8658691,1,3035120021,3,03512,0021,599,HOWARD AVENUE,11212,40.667328788416,-73.919799337526,Brooklyn,2026-01-29T10:53:56.000,Failed for Other R,2026-01-30T12:15:20.000,"{'latitude': '40.667328788416', 'longitude': '-73.919799337526', 'human_address': '{""address"": """", ""city"": """", ""state"": """", ""zip"": """"}'}",16,41,900,3326464,Brownsville,1006499,182415
Initial,14234951,PC8660136,1,1014520018,1,01452,0018,341,EAST 77 STREET,10075,40.771588795009,-73.95497892365,Manhattan,2026-01-29T10:54:59.000,Failed for Other R,2026-02-02T08:01:06.000,"{'latitude': '40.771588795009', 'longitude': '-73.95497892365', 'human_address': '{""address"": """", ""city"": """", ""state"": """", ""zip"": """"}'}",8,5,134,1045207,Upper East Side-Lenox Hill-Roosevelt Island,,
Initial,14234798,PC8658764,1,3037580023,3,03758,0023,324,BRADFORD STREET,11207,40.670983742474,-73.891763331548,Brooklyn,2026-01-29T10:58:30.000,Rat Activity,2026-01-30T12:28:51.000,"{'latitude': '40.670983742474', 'longitude': '-73.891763331548', 'human_address': '{""address"": """", ""city"": """", ""state"": """", ""zip"": """"}'}",5,42,1158,3084175,East New York (North),1014275,183755
Compliance,14235018,PC8631910,2,2048240080,2,04824,0080,686,EAST  223 STREET,10466,40.886615428772,-73.861982424949,Bronx,2026-01-29T11:08:17.000,Failed for Other R,2026-01-30T11:48:24.000,"{'latitude': '40.886615428772', 'longitude': '-73.861982424949', 'human_address': '{""address"": """", ""city"": """", ""state"": """", ""zip"": """"}'}",12,12,394,2062927,Williamsbridge-Olinville,1022412,262328
Initial,14234546,PC8655432,1,2032860024,2,03286,0024,2566,BAINBRIDGE AVENUE,10458,40.863148026533,-73.89289550913,Bronx,2026-01-29T11:10:00.000,Failed for Other R,2026-02-02T10:04:09.000,"{'latitude': '40.863148026533', 'longitude': '-73.89289550913', 'human_address': '{""address"": """", ""city"": """", ""state"": """", ""zip"": """"}'}",7,15,39901,2016591,University Heights (North)-Fordham,,
Compliance,14235036,PC8642252,2,1020570053,1,02057,0053,470,WEST 141 STREET,10031,40.822353042656,-73.948697368421,Manhattan,2026-01-29T11:10:43.000,Rat Activity,2026-01-30T12:01:54.000,"{'latitude': '40.822353042656', 'longitude': '-73.948697368421', 'human_address': '{""address"": """", ""city"": """", ""state"": """", ""zip"": """"}'}",9,9,227,1061211,Hamilton Heights-Sugar Hill,,
Initial,14234754,PC8661909,1,4004700001,4,00470,0001,40-01,VERNON BOULEVARD,11101,40.757767741265,-73.945852405303,Queens,2026-01-29T11:22:02.000,Failed for Other R,2026-01-30T10:28:18.000,"{'latitude': '40.757767741265', 'longitude': '-73.945852405303', 'human_address': '{""address"": """", ""city"": """", ""state"": """", ""zip"": """"}'}",1,26,25,4433367,Queensbridge-Ravenswood-Dutch Kills,,
Initial,14234967,PC8659478,1,1004917503,1,00491,7503,246,SPRING STREET,10013,40.725609031324,-74.005253029906,Manhattan,2026-01-29T11:28:37.000,Rat Activity,2026-02-02T08:09:12.000,"{'latitude': '40.725609031324', 'longitude': '-74.005253029906', 'human_address': '{""address"": """", ""city"": """", ""state"": """", ""zip"": """"}'}",2,1,37,1088431,SoHo-Little Italy-Hudson Square,,
Initial,14234954,PC8660060,1,1014520124,1,01452,0124,355,EAST 77 STREET,10075,40.771487145353,-73.954740709815,Manhattan,2026-01-29T11:28:59.000,Rat Activity and F,2026-02-02T08:07:20.000,"{'latitude': '40.771487145353', 'longitude': '-73.954740709815', 'human_address': '{""address"": """", ""city"": """", ""state"": """", ""zip"": """"}'}",8,5,134,1045231,Upper East Side-Lenox Hill-Roosevelt Island,,
Compliance,14235037,PC8642366,2,1020870097,1,02087,0097,3427,BROADWAY,10031,40.822920309527,-73.953021866481,Manhattan,2026-01-29T11:30:43.000,Rat Activity,2026-01-30T12:07:55.000,"{'latitude': '40.822920309527', 'longitude': '-73.953021866481', 'human_address': '{""address"": """", ""city"": """", ""state"": """", ""zip"": """"}'}",9,7,225,1062311,Hamilton Heights-Sugar Hill,,
Initial,14234761,PC8656701,1,1003440153,1,00344,0153,181,STANTON STREET,10002,40.720063601335,-73.983964445239,Manhattan,2026-01-29T11:33:53.000,Rat Activity,2026-01-29T20:47:24.000,"{'latitude': '40.720063601335', 'longitude': '-73.983964445239', 'human_address': '{""address"": """", ""city"": """", ""state"": """", ""zip"": """"}'}",3,1,2201,1000000,Lower East Side,988695,201618
Compliance,14235610,PC8647029,2,1019240104,1,01924,0104,281,WEST  118 STREET,10026,40.805439318531,-73.95372779328,Manhattan,2026-01-29T11:42:11.000,Rat Activity and F,2026-02-02T12:45:49.000,"{'latitude': '40.805439318531', 'longitude': '-73.95372779328', 'human_address': '{""address"": """", ""city"": """", ""state"": """", ""zip"": """"}'}",10,9,220,1058438,Harlem (South),997060,232726
Compliance,14235038,PC8642635,2,1020890029,1,02089,0029,601,WEST 142 STREET,10031,40.824665627866,-73.952204036808,Manhattan,2026-01-29T11:43:43.000,Failed for Other R,2026-01-30T12:58:28.000,"{'latitude': '40.824665627866', 'longitude': '-73.952204036808', 'human_address': '{""address"": """", ""city"": """", ""state"": """", ""zip"": """"}'}",9,7,229,1062345,Hamilton Heights-Sugar Hill,,
Initial,14235032,PC8656667,1,2033240095,2,03324,0095,3399,JEROME AVENUE,10467,40.880513305741,-73.883783302571,Bronx,2026-01-29T11:45:00.000,Rat Activity,2026-01-30T11:57:33.000,"{'latitude': '40.880513305741', 'longitude': '-73.883783302571', 'human_address': '{""address"": """", ""city"": """", ""state"": """", ""zip"": """"}'}",7,11,421,2017697,Norwood,1016387,260096
Initial,14234555,PC8655690,1,2032010030,2,03201,0030,2575,JEROME AVENUE,10468,40.865162878495,-73.899208448085,Bronx,2026-01-29T11:59:00.000,Failed for Other R,2026-02-02T10:13:50.000,"{'latitude': '40.865162878495', 'longitude': '-73.899208448085', 'human_address': '{""address"": """", ""city"": """", ""state"": """", ""zip"": """"}'}",7,14,265,2014378,University Heights (North)-Fordham,,
Initial,14234721,PC8660176,1,3026010028,3,02601,0028,193,MESEROLE AVENUE,11222,40.728443967516,-73.948622016034,Brooklyn,2026-01-29T12:00:36.000,Failed for Other R,2026-01-29T20:36:55.000,"{'latitude': '40.728443967516', 'longitude': '-73.948622016034', 'human_address': '{""address"": """", ""city"": """", ""state"": """", ""zip"": """"}'}",1,33,573,3065428,Greenpoint,,
Initial,14234722,PC8659791,1,3026010024,3,02601,0024,193,DIAMOND STREET,11222,40.728899655038,-73.948747944385,Brooklyn,2026-01-29T12:06:53.000,Failed for Other R,2026-01-29T20:36:29.000,"{'latitude': '40.728899655038', 'longitude': '-73.948747944385', 'human_address': '{""address"": """", ""city"": """", ""state"": """", ""zip"": """"}'}",1,33,573,3065427,Greenpoint,,
Compliance,14235040,PC8642342,2,1020650021,1,02065,0021,417,WEST 150 STREET,10031,40.827554521977,-73.943273242765,Manhattan,2026-01-29T12:13:43.000,Rat Activity,2026-01-30T13:35:52.000,"{'latitude': '40.827554521977', 'longitude': '-73.943273242765', 'human_address': '{""address"": """", ""city"": """", ""state"": """", ""zip"": """"}'}",9,9,23501,1061577,Hamilton Heights-Sugar Hill,,
Initial,14234891,PC8655846,1,2031980150,2,03198,0150,2345,JEROME AVENUE,10468,40.85978924178,-73.903034231866,Bronx,2026-01-29T12:28:04.000,Rat Activity,2026-02-03T10:12:37.000,"{'latitude': '40.85978924178', 'longitude': '-73.903034231866', 'human_address': '{""address"": """", ""city"": """", ""state"": """", ""zip"": """"}'}",7,14,239,2014293,Fordham Heights,,
Initial,14234980,PC8661191,1,3000410001,3,00041,0001,73,JAY STREET,11201,40.702516637482,-73.986673629017,Brooklyn,2026-01-29T12:28:26.000,Failed for Other R,2026-02-02T12:36:47.000,"{'latitude': '40.702516637482', 'longitude': '-73.986673629017', 'human_address': '{""address"": """", ""city"": """", ""state"": """", ""zip"": """"}'}",2,33,21,3000091,Downtown Brooklyn-DUMBO-Boerum Hill,,
Compliance,14234968,PC8629691,2,1020460018,1,02046,0018,304,WEST 151 STREET,10039,40.826685169929,-73.939331819107,Manhattan,2026-01-29T12:34:25.000,Rat Activity,2026-01-30T09:25:32.000,"{'latitude': '40.826685169929', 'longitude': '-73.939331819107', 'human_address': '{""address"": """", ""city"": """", ""state"": """", ""zip"": """"}'}",10,9,23502,1060855,Harlem (North),,
Initial,14234894,PC8655664,1,2031980149,2,03198,0149,2351,JEROME AVENUE,10468,40.859929152747,-73.902950878246,Bronx,2026-01-29T12:39:00.000,Rat Activity,2026-02-03T10:15:25.000,"{'latitude': '40.859929152747', 'longitude': '-73.902950878246', 'human_address': '{""address"": """", ""city"": """", ""state"": """", ""zip"": """"}'}",7,14,239,2014292,Fordham Heights,,
Compliance,14235614,PC8648205,2,1019250015,1,01925,0015,182,ST NICHOLAS AVENUE,10026,40.805954954476,-73.952802704458,Manhattan,2026-01-29T12:40:00.000,Rat Activity and F,2026-02-02T13:03:47.000,"{'latitude': '40.805954954476', 'longitude': '-73.952802704458', 'human_address': '{""address"": """", ""city"": """", ""state"": """", ""zip"": """"}'}",10,9,220,1058446,Harlem (South),,
Compliance,14235615,PC8647624,2,1019250013,1,01925,0013,180,ST NICHOLAS AVENUE,10026,40.805897313325,-73.952799133268,Manhattan,2026-01-29T12:48:05.000,Rat Activity,2026-02-02T13:11:48.000,"{'latitude': '40.805897313325', 'longitude': '-73.952799133268', 'human_address': '{""address"": """", ""city"": """", ""state"": """", ""zip"": """"}'}",10,9,220,1058445,Harlem (South),,
Compliance,14235042,PC8625545,2,2028870094,2,02887,0094,1436,CLAY AVENUE,10456,40.837706025011,-73.907482795139,Bronx,2026-01-29T12:50:00.000,Failed for Other R,2026-01-30T13:40:21.000,"{'latitude': '40.837706025011', 'longitude': '-73.907482795139', 'human_address': '{""address"": """", ""city"": """", ""state"": """", ""zip"": """"}'}",4,16,17702,2009298,Mount Eden-Claremont (West),,
Initial,14234898,PC8655502,1,2031980081,2,03198,0081,2359,JEROME AVENUE,10468,40.860112954857,-73.902838538505,Bronx,2026-01-29T12:52:04.000,Failed for Other R,2026-02-03T10:18:01.000,"{'latitude': '40.860112954857', 'longitude': '-73.902838538505', 'human_address': '{""address"": """", ""city"": """", ""state"": """", ""zip"": """"}'}",7,14,239,2014279,Fordham Heights,,
Compliance,14234971,PC8629708,2,1020470001,1,02046,0053,224,BRADHURST AVENUE,10039,40.828392325302,-73.939192945615,Manhattan,2026-01-29T13:04:25.000,Failed for Other R,2026-01-30T09:29:23.000,"{'latitude': '40.828392325302', 'longitude': '-73.939192945615', 'human_address': '{""address"": """", ""city"": """", ""state"": """", ""zip"": """"}'}",10,9,23502,1060880,Harlem (North),,
Compliance,14235043,PC8625196,2,2028870151,2,02887,0151,1385,WEBSTER AVENUE,10456,40.835971410159,-73.9075574938,Bronx,2026-01-29T13:05:30.000,Rat Activity,2026-01-30T13:53:09.000,"{'latitude': '40.835971410159', 'longitude': '-73.9075574938', 'human_address': '{""address"": """", ""city"": """", ""state"": """", ""zip"": """"}'}",4,16,17702,2009303,Mount Eden-Claremont (West),,
Initial,14234959,PC8660369,1,1014520031,1,01452,0031,354,EAST 78 STREET,10075,40.772107281188,-73.954288989296,Manhattan,2026-01-29T13:25:59.000,Rat Activity and F,2026-02-02T08:14:53.000,"{'latitude': '40.772107281188', 'longitude': '-73.954288989296', 'human_address': '{""address"": """", ""city"": """", ""state"": """", ""zip"": """"}'}",8,5,134,1045214,Upper East Side-Lenox Hill-Roosevelt Island,,
Initial,14234996,PC8661352,1,3000420001,3,00042,0001,53,BRIDGE STREET,11201,40.70292261203,-73.984661054846,Brooklyn,2026-01-29T13:29:45.000,Rat Activity,2026-02-02T12:39:43.000,"{'latitude': '40.70292261203', 'longitude': '-73.984661054846', 'human_address': '{""address"": """", ""city"": """", ""state"": """", ""zip"": """"}'}",2,33,21,3335871,Downtown Brooklyn-DUMBO-Boerum Hill,,
Initial,14234917,PC8655269,1,2031980038,2,03198,0038,31,NORTH STREET,10468,40.860114285549,-73.904425599347,Bronx,2026-01-29T13:50:04.000,Failed for Other R,2026-02-03T13:03:49.000,"{'latitude': '40.860114285549', 'longitude': '-73.904425599347', 'human_address': '{""address"": """", ""city"": """", ""state"": """", ""zip"": """"}'}",7,14,253,2014258,University Heights (North)-Fordham,,
Compliance,14235048,PC8625763,2,2024390030,2,02439,0030,1242,MORRIS AVENUE,10456,40.834430668525,-73.913392277199,Bronx,2026-01-29T14:18:30.000,Rat Activity,2026-01-30T14:16:10.000,"{'latitude': '40.834430668525', 'longitude': '-73.913392277199', 'human_address': '{""address"": """", ""city"": """", ""state"": """", ""zip"": """"}'}",4,16,17701,2002416,Concourse-Concourse Village,,
Initial,14234965,PC8660281,1,1014520036,1,1452,0036,342,EAST 78 STREET,10075,40.772192450367,-73.954494722505,Manhattan,2026-01-29T14:21:59.000,Rat Activity,2026-02-02T08:15:25.000,"{'latitude': '40.772192450367', 'longitude': '-73.954494722505', 'human_address': '{""address"": """", ""city"": """", ""state"": """", ""zip"": """"}'}",8,5,134,1045218,Upper East Side-Lenox Hill-Roosevelt Island,,
Initial,14234825,PC8654536,1,3016490001,3,01649,0001,367,MARCUS GARVEY BLVD,11221,40.684731190426,-73.938379778098,Brooklyn,2026-01-29T14:31:00.000,Rat Activity and F,2026-02-02T14:57:37.000,"{'latitude': '40.684731190426', 'longitude': '-73.938379778098', 'human_address': '{""address"": """", ""city"": """", ""state"": """", ""zip"": """"}'}",3,36,275,3045367,Bedford-Stuyvesant (East),,
Compliance,14235299,PC8640466,2,4006490042,4,00649,0042,31-18,37 STREET,11103,40.761476692707,-73.919176554102,Queens,2026-01-30T08:00:00.000,Rat Activity,2026-02-03T11:27:16.000,"{'latitude': '40.761476692707', 'longitude': '-73.919176554102', 'human_address': '{""address"": """", ""city"": """", ""state"": """", ""zip"": """"}'}",1,22,61,4436900,Astoria (Central),1006640,216716
Compliance,14235102,PC8645959,2,1021310048,1,02131,0048,2304,AMSTERDAM AVENUE,10033,40.843803936519,-73.93404651748,Manhattan,2026-01-30T08:00:51.000,Rat Activity,2026-02-02T09:26:54.000,"{'latitude': '40.843803936519', 'longitude': '-73.93404651748', 'human_address': '{""address"": """", ""city"": """", ""state"": """", ""zip"": """"}'}",12,10,261,1063171,Washington Heights (South),,
Initial,14235260,PC8654503,1,1020820047,1,02082,0047,520,WEST 151 STREET,10031,40.829347984541,-73.945645775795,Manhattan,2026-01-30T08:28:00.000,Rat Activity,2026-02-02T12:16:20.000,"{'latitude': '40.829347984541', 'longitude': '-73.945645775795', 'human_address': '{""address"": """", ""city"": """", ""state"": """", ""zip"": """"}'}",9,7,237,1062162,Hamilton Heights-Sugar Hill,,
Initial,14235301,PC8657237,1,4006510069,4,00651,0069,30-58,37 STREET,11103,40.763267982485,-73.917715972566,Queens,2026-01-30T08:35:00.000,Failed for Other R,2026-02-03T11:23:32.000,"{'latitude': '40.763267982485', 'longitude': '-73.917715972566', 'human_address': '{""address"": """", ""city"": """", ""state"": """", ""zip"": """"}'}",1,22,63,4010036,Astoria (Central),1007044,217369
Initial,14235350,PC8655397,1,2031980021,2,03198,0021,2326,GRAND AVENUE,10468,40.860614069223,-73.904717709902,Bronx,2026-01-30T08:37:03.000,Failed for Other R,2026-02-03T13:06:32.000,"{'latitude': '40.860614069223', 'longitude': '-73.904717709902', 'human_address': '{""address"": """", ""city"": """", ""state"": """", ""zip"": """"}'}",7,14,253,2014247,University Heights (North)-Fordham,,
Initial,14235351,PC8655765,1,2031980020,2,03198,0020,2322,GRAND AVENUE,10468,40.860575661009,-73.904739456356,Bronx,2026-01-30T08:42:03.000,Rat Activity and F,2026-02-03T13:06:48.000,"{'latitude': '40.860575661009', 'longitude': '-73.904739456356', 'human_address': '{""address"": """", ""city"": """", ""state"": """", ""zip"": """"}'}",7,14,253,2014246,University Heights (North)-Fordham,,
Initial,14235352,PC8655619,1,2031980018,2,03198,0018,2320,GRAND AVENUE,10468,40.860556459896,-73.90475394477,Bronx,2026-01-30T08:47:03.000,Rat Activity and F,2026-02-03T13:07:05.000,"{'latitude': '40.860556459896', 'longitude': '-73.90475394477', 'human_address': '{""address"": """", ""city"": """", ""state"": """", ""zip"": """"}'}",7,14,253,2014245,University Heights (North)-Fordham,,
Initial,14235353,PC8655200,1,2031980017,2,03198,0017,2316,GRAND AVENUE,10468,40.860518051675,-73.904775691184,Bronx,2026-01-30T08:52:03.000,Failed for Other R,2026-02-03T13:07:26.000,"{'latitude': '40.860518051675', 'longitude': '-73.904775691184', 'human_address': '{""address"": """", ""city"": """", ""state"": """", ""zip"": """"}'}",7,14,253,2014244,University Heights (North)-Fordham,,
Compliance,14235302,PC8622827,3,4006510019,4,00651,0019,30-65,36 STREET,11103,40.763521125664,-73.918592867568,Queens,2026-01-30T08:59:00.000,Rat Activity,2026-02-03T11:36:06.000,"{'latitude': '40.763521125664', 'longitude': '-73.918592867568', 'human_address': '{""address"": """", ""city"": """", ""state"": """", ""zip"": """"}'}",1,22,63,4009986,Astoria (Central),1006801,217461
Initial,14235269,PC8654285,1,1020820001,1,02082,0001,3640,BROADWAY,10031,40.829683959419,-73.948059328904,Manhattan,2026-01-30T09:02:00.000,Rat Activity,2026-02-02T14:03:41.000,"{'latitude': '40.829683959419', 'longitude': '-73.948059328904', 'human_address': '{""address"": """", ""city"": """", ""state"": """", ""zip"": """"}'}",9,7,237,1062137,Hamilton Heights-Sugar Hill,,
Treatments,3062427,PC8596827,10,1020660021,1,02066,0021,486,Convent Ave,10031,40.828531403696,-73.94277736363,Manhattan,2026-01-30T09:06:22.000,Bait applied,2026-02-03T10:41:11.000,"{'latitude': '40.828531403696', 'longitude': '-73.94277736363', 'human_address': '{""address"": """", ""city"": """", ""state"": """", ""zip"": """"}'}",9,7,23501,1061592,Hamilton Heights-Sugar Hill,,
Initial,14235213,PC8658562,1,3010900004,3,01090,0004,414,8 STREET,11215,40.667267382082,-73.980628437023,Brooklyn,2026-01-30T09:10:00.000,Rat Activity,2026-02-02T08:38:50.000,"{'latitude': '40.667267382082', 'longitude': '-73.980628437023', 'human_address': '{""address"": """", ""city"": """", ""state"": """", ""zip"": """"}'}",6,39,153,3025856,Park Slope,989624,182383
Compliance,14235331,PC8349587,11,3023660012,3,02366,0012,228,METROPOLITAN AVENUE,11211,40.71513636187,-73.959955570623,Brooklyn,2026-01-30T09:12:00.000,Rat Activity,2026-02-02T07:39:33.000,"{'latitude': '40.71513636187', 'longitude': '-73.959955570623', 'human_address': '{""address"": """", ""city"": """", ""state"": """", ""zip"": """"}'}",1,34,553,3062460,Williamsburg,995351,199825
Compliance,14235142,PC8646129,2,3013490007,3,01349,0007,97,UTICA AVENUE,11213,40.675476775186,-73.930478709138,Brooklyn,2026-01-30T09:22:00.000,Rat Activity,2026-02-02T08:58:23.000,"{'latitude': '40.675476775186', 'longitude': '-73.930478709138', 'human_address': '{""address"": """", ""city"": """", ""state"": """", ""zip"": """"}'}",8,36,307,3035812,Crown Heights (North),1003534,185381
Compliance,14235303,PC8567377,7,4006510028,4,00651,0028,30-43,36 STREET,11103,40.763902426167,-73.918281945386,Queens,2026-01-30T09:25:00.000,Rat Activity,2026-02-03T11:44:06.000,"{'latitude': '40.763902426167', 'longitude': '-73.918281945386', 'human_address': '{""address"": """", ""city"": """", ""state"": """", ""zip"": """"}'}",1,22,63,4009995,Astoria (Central),1006887,217600
Compliance,14235332,PC8327898,6,3023807501,3,02380,7501,142,NORTH    1 STREET,11249,40.715169821744,-73.961481431291,Brooklyn,2026-01-30T09:26:00.000,Rat Activity,2026-02-02T12:45:51.000,"{'latitude': '40.715169821744', 'longitude': '-73.961481431291', 'human_address': '{""address"": """", ""city"": """", ""state"": """", ""zip"": """"}'}",1,34,553,3062617,Williamsburg,994928,199837
Initial,14235100,PC8662161,1,1018550001,1,01855,0001,865,AMSTERDAM AVENUE,10025,40.798033205818,-73.967439707623,Manhattan,2026-01-30T09:30:51.000,Rat Activity and F,2026-02-02T11:11:50.000,"{'latitude': '40.798033205818', 'longitude': '-73.967439707623', 'human_address': '{""address"": """", ""city"": """", ""state"": """", ""zip"": """"}'}",7,7,189,1079408,Upper West Side-Manhattan Valley,,
Compliance,14235143,PC8644499,2,3013490002,3,01349,0002,107,UTICA AVENUE,11213,40.675202312966,-73.930504232142,Brooklyn,2026-01-30T09:31:00.000,Rat Activity,2026-02-02T09:00:18.000,"{'latitude': '40.675202312966', 'longitude': '-73.930504232142', 'human_address': '{""address"": """", ""city"": """", ""state"": """", ""zip"": """"}'}",8,36,307,3035807,Crown Heights (North),,
Treatments,3062428,PC8557850,12,1020590001,1,02059,0001,1681,Amsterdam Ave,10031,40.824024491269,-73.948475669157,Manhattan,2026-01-30T09:33:21.000,Bait applied,2026-02-03T10:40:43.000,"{'latitude': '40.824024491269', 'longitude': '-73.948475669157', 'human_address': '{""address"": """", ""city"": """", ""state"": """", ""zip"": """"}'}",9,7,227,1061269,Hamilton Heights-Sugar Hill,,
Compliance,14235333,PC8411958,7,3024430004,3,02443,0004,345,BERRY STREET,11249,40.712058289685,-73.964700782206,Brooklyn,2026-01-30T09:42:00.000,Rat Activity,2026-02-02T07:48:26.000,"{'latitude': '40.712058289685', 'longitude': '-73.964700782206', 'human_address': '{""address"": """", ""city"": """", ""state"": """", ""zip"": """"}'}",1,34,549,3063423,Williamsburg,994036,198703
Initial,14235113,PC8661809,1,3011880040,3,01188,0040,990,PRESIDENT STREET,11225,40.669043180254,-73.959377747733,Brooklyn,2026-01-30T09:47:47.000,Failed for Other R,2026-02-02T11:38:20.000,"{'latitude': '40.669043180254', 'longitude': '-73.959377747733', 'human_address': '{""address"": """", ""city"": """", ""state"": """", ""zip"": """"}'}",9,35,213,3029703,Crown Heights (South),995519,183032
Initial,14235325,PC8662447,1,4004650001,4,00465,0001,41-01,VERNON BOULEVARD,11101,40.756382326887,-73.947333440718,Queens,2026-01-30T09:48:49.000,Rat Activity and F,2026-02-02T10:39:51.000,"{'latitude': '40.756382326887', 'longitude': '-73.947333440718', 'human_address': '{""address"": """", ""city"": """", ""state"": """", ""zip"": """"}'}",1,26,25,4433399,Queensbridge-Ravenswood-Dutch Kills,,
Compliance,14235599,PC8639552,2,3013600057,3,01360,0057,160,UTICA AVENUE,11213,40.673440278484,-73.930689931203,Brooklyn,2026-01-30T09:51:00.000,Rat Activity,2026-02-03T12:55:16.000,"{'latitude': '40.673440278484', 'longitude': '-73.930689931203', 'human_address': '{""address"": """", ""city"": """", ""state"": """", ""zip"": """"}'}",8,36,345,3036046,Crown Heights (North),1003476,184639
Treatments,3062429,PC8558788,19,1021010055,1,02101,0055,675,Riverside Drive,10031,40.826809268533,-73.952198877717,Manhattan,2026-01-30T09:59:49.000,Bait applied,2026-02-03T08:34:14.000,"{'latitude': '40.826809268533', 'longitude': '-73.952198877717', 'human_address': '{""address"": """", ""city"": """", ""state"": """", ""zip"": """"}'}",9,7,229,1000000,Hamilton Heights-Sugar Hill,,
Initial,14235304,PC8664238,1,4006510026,4,00651,0026,30-49,36 STREET,11103,40.763798184515,-73.918365102131,Queens,2026-01-30T10:08:00.000,Rat Activity,2026-02-03T11:46:19.000,"{'latitude': '40.763798184515', 'longitude': '-73.918365102131', 'human_address': '{""address"": """", ""city"": """", ""state"": """", ""zip"": """"}'}",1,22,63,4009993,Astoria (Central),,
Compliance,14235335,PC8646943,1,3021690001,3,02169,0001,153,CLYMER STREET,11211,40.706743989282,-73.963343833927,Brooklyn,2026-01-30T10:13:00.000,Rat Activity,2026-02-02T07:51:05.000,"{'latitude': '40.706743989282', 'longitude': '-73.963343833927', 'human_address': '{""address"": """", ""city"": """", ""state"": """", ""zip"": """"}'}",1,34,535,3399841,South Williamsburg,,
Initial,14235284,PC8654239,1,1020820122,1,02082,0122,515,WEST 150 STREET,10031,40.828752602519,-73.9461268549,Manhattan,2026-01-30T10:15:00.000,Rat Activity,2026-02-02T14:12:34.000,"{'latitude': '40.828752602519', 'longitude': '-73.9461268549', 'human_address': '{""address"": """", ""city"": """", ""state"": """", ""zip"": """"}'}",9,7,237,1062173,Hamilton Heights-Sugar Hill,,
Treatments,3062430,PC8558789,28,1021010055,1,02101,0055,675,Riverside Drive,10031,40.826809268533,-73.952198877717,Manhattan,2026-01-30T10:18:28.000,Bait applied,2026-02-03T08:34:00.000,"{'latitude': '40.826809268533', 'longitude': '-73.952198877717', 'human_address': '{""address"": """", ""city"": """", ""state"": """", ""zip"": """"}'}",9,7,229,1000000,Hamilton Heights-Sugar Hill,,
Initial,14235114,PC8660440,1,3012800001,3,01280,0001,951,CARROLL STREET,11225,40.667939472594,-73.958520499349,Brooklyn,2026-01-30T10:23:00.000,Rat Activity and F,2026-02-02T11:36:38.000,"{'latitude': '40.667939472594', 'longitude': '-73.958520499349', 'human_address': '{""address"": """", ""city"": """", ""state"": """", ""zip"": """"}'}",9,35,325,3033446,Crown Heights (South),995757,182630
Compliance,14235147,PC8506409,9,3013660014,3,01366,0014,1308,PROSPECT PLACE,11213,40.673362003553,-73.932914306558,Brooklyn,2026-01-30T10:27:00.000,Rat Activity,2026-02-02T09:10:27.000,"{'latitude': '40.673362003553', 'longitude': '-73.932914306558', 'human_address': '{""address"": """", ""city"": """", ""state"": """", ""zip"": """"}'}",8,36,345,3036211,Crown Heights (North),1002859,184610
Initial,14235585,PC8659726,1,2046000002,2,04600,0002,3304,WHITE PLAINS ROAD,10467,40.873443997957,-73.867075755731,Bronx,2026-01-30T10:30:14.000,Rat Activity and F,2026-02-02T09:34:04.000,"{'latitude': '40.873443997957', 'longitude': '-73.867075755731', 'human_address': '{""address"": """", ""city"": """", ""state"": """", ""zip"": """"}'}",12,12,374,2056302,Williamsbridge-Olinville,1021011,257527
Initial,14235305,PC8664239,1,4006510041,4,00651,0041,30-11,36 STREET,11103,40.764459286913,-73.917826403994,Queens,2026-01-30T10:32:00.000,Failed for Other R,2026-02-03T11:38:25.000,"{'latitude': '40.764459286913', 'longitude': '-73.917826403994', 'human_address': '{""address"": """", ""city"": """", ""state"": """", ""zip"": """"}'}",1,22,63,4010008,Astoria (Central),,
Compliance,14235085,PC8647080,2,4006750021,4,00675,0021,34-06,43 STREET,11101,40.755341784334,-73.918653434745,Queens,2026-01-30T10:34:00.000,Rat Activity and F,2026-02-03T10:06:49.000,"{'latitude': '40.755341784334', 'longitude': '-73.918653434745', 'human_address': '{""address"": """", ""city"": """", ""state"": """", ""zip"": """"}'}",1,22,159,4010972,Astoria (East)-Woodside (North),1006787,214481
Compliance,14235107,PC8520538,10,1021760104,1,02176,0104,770,WEST  181 STREET,10033,40.85077220305,-73.937867513019,Manhattan,2026-01-30T10:40:03.000,Rat Activity,2026-02-02T09:34:57.000,"{'latitude': '40.85077220305', 'longitude': '-73.937867513019', 'human_address': '{""address"": """", ""city"": """", ""state"": """", ""zip"": """"}'}",12,10,265,1064275,Washington Heights (North),,
Initial,14235089,PC8664215,1,2037400026,2,03740,0026,1146,ELDER AVENUE,10472,40.82724389512,-73.878850482162,Bronx,2026-01-30T10:40:43.000,Failed for Other R,2026-02-02T10:25:37.000,"{'latitude': '40.82724389512', 'longitude': '-73.878850482162', 'human_address': '{""address"": """", ""city"": """", ""state"": """", ""zip"": """"}'}",9,18,5002,2023854,Soundview-Bruckner-Bronx River,,
Treatments,3062431,PC8558790,25,1021010055,1,02101,0055,675,Riverside Drive,10031,40.826809268533,-73.952198877717,Manhattan,2026-01-30T10:41:57.000,Bait applied,2026-02-03T08:33:48.000,"{'latitude': '40.826809268533', 'longitude': '-73.952198877717', 'human_address': '{""address"": """", ""city"": """", ""state"": """", ""zip"": """"}'}",9,7,229,1000000,Hamilton Heights-Sugar Hill,,
Initial,14235092,PC8664192,1,2022910023,2,02291,0023,413,EAST  146 STREET,10455,40.813881842718,-73.918596056862,Bronx,2026-01-30T10:43:10.000,Failed for Other R,2026-02-02T09:29:09.000,"{'latitude': '40.813881842718', 'longitude': '-73.918596056862', 'human_address': '{""address"": """", ""city"": """", ""state"": """", ""zip"": """"}'}",1,8,43,2091070,Mott Haven-Port Morris,,
Compliance,14235086,PC8647079,2,4006750023,4,00675,0023,34-10,43 STREET,11101,40.75522382621,-73.918747425362,Queens,2026-01-30T10:48:00.000,Rat Activity,2026-02-03T10:06:23.000,"{'latitude': '40.75522382621', 'longitude': '-73.918747425362', 'human_address': '{""address"": """", ""city"": """", ""state"": """", ""zip"": """"}'}",1,22,159,4010974,Astoria (East)-Woodside (North),1006761,214438
Initial,14235091,PC8645303,1,2037760066,2,03776,0066,1225,STRATFORD AVENUE,10472,40.830149989337,-73.875730295211,Bronx,2026-01-30T10:55:00.000,Failed for Other R,2026-02-02T09:26:30.000,"{'latitude': '40.830149989337', 'longitude': '-73.875730295211', 'human_address': '{""address"": """", ""city"": """", ""state"": """", ""zip"": """"}'}",9,17,54,2025352,Soundview-Bruckner-Bronx River,1018640,241750
Initial,14235306,PC8664240,1,4006590008,4,00659,0008,37-01,31 AVENUE,11103,40.762016973423,-73.918558614771,Queens,2026-01-30T11:00:00.000,Rat Activity and F,2026-02-03T11:48:12.000,"{'latitude': '40.762016973423', 'longitude': '-73.918558614771', 'human_address': '{""address"": """", ""city"": """", ""state"": """", ""zip"": """"}'}",1,22,63,4010553,Astoria (Central),,
Initial,14235219,PC8660464,1,3010240042,3,01024,0042,374,7 AVENUE,11215,40.665516551049,-73.982737631098,Brooklyn,2026-01-30T11:05:00.000,Failed for Other R,2026-02-02T08:49:15.000,"{'latitude': '40.665516551049', 'longitude': '-73.982737631098', 'human_address': '{""address"": """", ""city"": """", ""state"": """", ""zip"": """"}'}",6,39,151,3023021,Park Slope,989039,181745
Initial,14235096,PC8647243,1,3012180007,3,01218,0007,30,ROGERS AVENUE,11216,40.675740637438,-73.952743795474,Brooklyn,2026-01-30T11:06:00.000,Rat Activity,2026-01-30T15:53:30.000,"{'latitude': '40.675740637438', 'longitude': '-73.952743795474', 'human_address': '{""address"": """", ""city"": """", ""state"": """", ""zip"": """"}'}",8,36,221,3030633,Crown Heights (North),997358,185473
Treatments,3062433,PC8558793,28,1021010055,1,02101,0055,675,Riverside Drive,10031,40.826809268533,-73.952198877717,Manhattan,2026-01-30T11:09:21.000,Bait applied,2026-02-03T08:32:57.000,"{'latitude': '40.826809268533', 'longitude': '-73.952198877717', 'human_address': '{""address"": """", ""city"": """", ""state"": """", ""zip"": """"}'}",9,7,229,1000000,Hamilton Heights-Sugar Hill,,
Initial,14235118,PC8658698,1,3012690001,3,01269,0001,1261,UNION STREET,11225,40.668937990283,-73.950171220664,Brooklyn,2026-01-30T11:13:47.000,Rat Activity,2026-02-02T11:36:52.000,"{'latitude': '40.668937990283', 'longitude': '-73.950171220664', 'human_address': '{""address"": """", ""city"": """", ""state"": """", ""zip"": """"}'}",9,35,319,3032925,Crown Heights (South),998073,182995
Compliance,14235108,PC8646623,2,1021790093,1,02179,0093,95,PINEHURST AVENUE,10033,40.85158253587,-73.939055992875,Manhattan,2026-01-30T11:15:28.000,Rat Activity,2026-02-02T09:36:45.000,"{'latitude': '40.85158253587', 'longitude': '-73.939055992875', 'human_address': '{""address"": """", ""city"": """", ""state"": """", ""zip"": """"}'}",12,10,273,1064337,Washington Heights (North),1001110,249540
Initial,14235119,PC8658697,1,3012690063,3,01269,0063,1291,UNION STREET,11225,40.668885485592,-73.949363791401,Brooklyn,2026-01-30T11:26:47.000,Rat Activity,2026-02-02T11:36:13.000,"{'latitude': '40.668885485592', 'longitude': '-73.949363791401', 'human_address': '{""address"": """", ""city"": """", ""state"": """", ""zip"": """"}'}",9,35,319,3324533,Crown Heights (South),998297,182976
Initial,14235326,PC8662352,1,4004650100,4,00465,0100,41-01,10 STREET,11101,40.755615777051,-73.945698953606,Queens,2026-01-30T11:30:21.000,Rat Activity and F,2026-02-02T10:39:24.000,"{'latitude': '40.755615777051', 'longitude': '-73.945698953606', 'human_address': '{""address"": """", ""city"": """", ""state"": """", ""zip"": """"}'}",1,26,25,4433389,Queensbridge-Ravenswood-Dutch Kills,,
Initial,14235093,PC8662316,1,2024180001,2,02418,0001,299,EAST  158 STREET,10451,40.823158373875,-73.917609111422,Bronx,2026-01-30T11:38:10.000,Rat Activity and F,2026-02-02T09:31:40.000,"{'latitude': '40.823158373875', 'longitude': '-73.917609111422', 'human_address': '{""address"": """", ""city"": """", ""state"": """", ""zip"": """"}'}",1,17,69,2001887,Melrose,1007053,239189
Initial,14235307,PC8664241,1,4006280021,4,00628,0021,28-08,35 STREET,11103,40.766734172928,-73.917105178789,Queens,2026-01-30T11:43:00.000,Rat Activity,2026-02-03T11:49:24.000,"{'latitude': '40.766734172928', 'longitude': '-73.917105178789', 'human_address': '{""address"": """", ""city"": """", ""state"": """", ""zip"": """"}'}",1,22,6501,4009167,Astoria (Central),,
Initial,14235602,PC8654785,1,2032650001,2,03265,0001,2811,EXTERIOR STREET,10463,40.873787535026,-73.906557344354,Bronx,2026-01-30T11:55:00.000,Rat Activity,2026-02-02T09:57:56.000,"{'latitude': '40.873787535026', 'longitude': '-73.906557344354', 'human_address': '{""address"": """", ""city"": """", ""state"": """", ""zip"": """"}'}",8,14,283,2092482,Kingsbridge-Marble Hill,1010092,257638
Compliance,14235207,PC8644877,2,1004387502,1,00438,7502,418,EAST   11 STREET,10009,40.729099291144,-73.983388584193,Manhattan,2026-01-30T11:56:00.000,Failed for Other R,2026-02-02T08:33:03.000,"{'latitude': '40.729099291144', 'longitude': '-73.983388584193', 'human_address': '{""address"": """", ""city"": """", ""state"": """", ""zip"": """"}'}",3,2,34,1005937,East Village,988854,204910
Treatments,3062432,PC8558792,26,1021010055,1,02101,0055,675,Riverside Drive,10031,40.826809268533,-73.952198877717,Manhattan,2026-01-30T11:59:12.000,Bait applied,2026-02-03T08:33:16.000,"{'latitude': '40.826809268533', 'longitude': '-73.952198877717', 'human_address': '{""address"": """", ""city"": """", ""state"": """", ""zip"": """"}'}",9,7,229,1000000,Hamilton Heights-Sugar Hill,,
Compliance,14235094,PC8585880,5,2024260008,2,02426,0008,1124,CLAY AVENUE,10456,40.83025194648,-73.911778867955,Bronx,2026-01-30T12:11:10.000,Rat Activity,2026-02-02T10:07:10.000,"{'latitude': '40.83025194648', 'longitude': '-73.911778867955', 'human_address': '{""address"": """", ""city"": """", ""state"": """", ""zip"": """"}'}",4,16,143,2002069,Concourse-Concourse Village,,
Treatments,3062434,PC8558794,29,1021010055,1,02101,0055,675,Riverside Drive,10031,40.826809268533,-73.952198877717,Manhattan,2026-01-30T12:16:14.000,Bait applied,2026-02-03T08:32:46.000,"{'latitude': '40.826809268533', 'longitude': '-73.952198877717', 'human_address': '{""address"": """", ""city"": """", ""state"": """", ""zip"": """"}'}",9,7,229,1000000,Hamilton Heights-Sugar Hill,,
Initial,14235109,PC8661849,1,1021790213,1,02179,0213,812,WEST  187 STREET,10033,40.855300816084,-73.937505389794,Manhattan,2026-01-30T12:20:03.000,Failed for Other R,2026-02-02T09:37:56.000,"{'latitude': '40.855300816084', 'longitude': '-73.937505389794', 'human_address': '{""address"": """", ""city"": """", ""state"": """", ""zip"": """"}'}",12,10,273,1064356,Washington Heights (North),1001538,250895
Initial,14234468,PC8658375,1,1020500118,1,02050,0118,63,HAMILTON TERRACE,10031,40.823153375003,-73.946221734485,Manhattan,2026-01-30T12:22:00.000,Rat Activity and F,2026-02-02T11:40:47.000,"{'latitude': '40.823153375003', 'longitude': '-73.946221734485', 'human_address': '{""address"": """", ""city"": """", ""state"": """", ""zip"": """"}'}",9,9,227,1061001,Hamilton Heights-Sugar Hill,999134,239181
Initial,14235415,PC8661314,1,3000450115,3,00045,0115,66,FRONT STREET,11201,40.702519742566,-73.990254978075,Brooklyn,2026-01-30T12:23:21.000,Rat Activity and F,2026-02-02T12:38:45.000,"{'latitude': '40.702519742566', 'longitude': '-73.990254978075', 'human_address': '{""address"": """", ""city"": """", ""state"": """", ""zip"": """"}'}",2,33,21,3387676,Downtown Brooklyn-DUMBO-Boerum Hill,,
Treatments,3062435,PC8560501,28,1020750001,1,02075,0001,3502,Broadway,10031,40.825269083716,-73.951282216525,Manhattan,2026-01-30T12:35:01.000,Bait applied,2026-02-03T10:40:01.000,"{'latitude': '40.825269083716', 'longitude': '-73.951282216525', 'human_address': '{""address"": """", ""city"": """", ""state"": """", ""zip"": """"}'}",9,7,229,1061879,Hamilton Heights-Sugar Hill,,
Compliance,14235595,PC8642623,2,1020740001,1,02074,0001,3486,BROADWAY,10031,40.824739510594,-73.951665609844,Manhattan,2026-01-30T12:55:01.000,Rat Activity and F,2026-02-02T11:42:04.000,"{'latitude': '40.824739510594', 'longitude': '-73.951665609844', 'human_address': '{""address"": """", ""city"": """", ""state"": """", ""zip"": """"}'}",9,7,229,1061843,Hamilton Heights-Sugar Hill,,
Initial,14235603,PC8656168,1,2058011030,2,05801,1030,5991,BROADWAY,10471,40.889987883717,-73.898027751491,Bronx,2026-01-30T13:00:00.000,Rat Activity,2026-02-02T10:16:16.000,"{'latitude': '40.889987883717', 'longitude': '-73.898027751491', 'human_address': '{""address"": """", ""city"": """", ""state"": """", ""zip"": """"}'}",8,11,285,2084207,Kingsbridge-Marble Hill,1012045,263501
Treatments,3062436,PC8560502,27,1020750001,1,02075,0001,3502,Broadway,10031,40.825269083716,-73.951282216525,Manhattan,2026-01-30T13:00:52.000,Bait applied,2026-02-03T08:32:23.000,"{'latitude': '40.825269083716', 'longitude': '-73.951282216525', 'human_address': '{""address"": """", ""city"": """", ""state"": """", ""zip"": """"}'}",9,7,229,1061879,Hamilton Heights-Sugar Hill,,
Compliance,14235596,PC8642215,2,1020740061,1,02074,0061,3488,BROADWAY,10031,40.824788900715,-73.95162944134,Manhattan,2026-01-30T13:07:01.000,Rat Activity and F,2026-02-02T11:46:03.000,"{'latitude': '40.824788900715', 'longitude': '-73.95162944134', 'human_address': '{""address"": """", ""city"": """", ""state"": """", ""zip"": """"}'}",9,7,229,1061873,Hamilton Heights-Sugar Hill,,
Treatments,3062437,PC8560503,24,1020900029,1,02090,0029,3501,Broadway,10031,40.825227935583,-73.95133644586,Manhattan,2026-01-30T13:20:14.000,Bait applied,2026-02-03T08:32:07.000,"{'latitude': '40.825227935583', 'longitude': '-73.95133644586', 'human_address': '{""address"": """", ""city"": """", ""state"": """", ""zip"": """"}'}",9,7,229,1062361,Hamilton Heights-Sugar Hill,,
Compliance,14235294,PC8636541,2,2024880031,2,02488,0031,1183,GERARD AVENUE,10452,40.834842123123,-73.920637404727,Bronx,2026-01-30T13:23:26.000,Failed for Other R,2026-02-03T09:25:25.000,"{'latitude': '40.834842123123', 'longitude': '-73.920637404727', 'human_address': '{""address"": """", ""city"": """", ""state"": """", ""zip"": """"}'}",4,16,197,2003001,Concourse-Concourse Village,,
Compliance,14235223,PC8650887,2,3032470051,3,03247,0051,239,STOCKHOLM STREET,11237,40.701326412337,-73.920998927377,Brooklyn,2026-01-30T13:25:00.000,Rat Activity,2026-02-03T09:07:21.000,"{'latitude': '40.701326412337', 'longitude': '-73.920998927377', 'human_address': '{""address"": """", ""city"": """", ""state"": """", ""zip"": """"}'}",4,37,429,3073897,Bushwick (West),,
Initial,14235101,PC8662136,1,1018740029,1,01874,0029,868,AMSTERDAM AVENUE,10025,40.798162189515,-73.967371020133,Manhattan,2026-01-30T13:30:51.000,Rat Activity and F,2026-02-02T10:55:08.000,"{'latitude': '40.798162189515', 'longitude': '-73.967371020133', 'human_address': '{""address"": """", ""city"": """", ""state"": """", ""zip"": """"}'}",7,7,191,1079429,Upper West Side-Manhattan Valley,,
Initial,14235598,PC8661822,1,1020620037,1,02062,0037,402,WEST  148 STREET,10031,40.826204457536,-73.943982610113,Manhattan,2026-01-30T13:31:00.000,Rat Activity and F,2026-02-02T11:50:19.000,"{'latitude': '40.826204457536', 'longitude': '-73.943982610113', 'human_address': '{""address"": """", ""city"": """", ""state"": """", ""zip"": """"}'}",9,9,231,1061455,Hamilton Heights-Sugar Hill,999753,240293
Compliance,14235295,PC8636637,2,2024880041,2,02488,0041,1165,GERARD AVENUE,10452,40.834523863299,-73.920825702419,Bronx,2026-01-30T13:31:26.000,Rat Activity and F,2026-02-03T09:40:09.000,"{'latitude': '40.834523863299', 'longitude': '-73.920825702419', 'human_address': '{""address"": """", ""city"": """", ""state"": """", ""zip"": """"}'}",4,16,197,2003003,Concourse-Concourse Village,,
Compliance,14235464,PC8384707,11,1000920013,1,00092,0013,55,ANN STREET,10038,40.710221787905,-74.006676583211,Manhattan,2026-01-30T13:38:06.000,Rat Activity and F,2026-02-02T08:21:41.000,"{'latitude': '40.710221787905', 'longitude': '-74.006676583211', 'human_address': '{""address"": """", ""city"": """", ""state"": """", ""zip"": """"}'}",1,1,1501,1001271,Financial District-Battery Park City,982399,198032
Compliance,14235619,PC8632190,3,3016070040,3,01607,0040,40,MALCOLM X BOULEVARD,11221,40.692785662177,-73.931030350567,Brooklyn,2026-01-30T13:43:00.000,Rat Activity and F,2026-02-02T16:17:55.000,"{'latitude': '40.692785662177', 'longitude': '-73.931030350567', 'human_address': '{""address"": """", ""city"": """", ""state"": """", ""zip"": """"}'}",3,36,289,3043464,Bedford-Stuyvesant (East),1003376,191687
Treatments,3062438,PC8560505,26,1020750061,1,02075,0061,3512,Broadway,10031,40.825510545646,-73.951104987931,Manhattan,2026-01-30T13:46:42.000,Bait applied,2026-02-03T10:38:52.000,"{'latitude': '40.825510545646', 'longitude': '-73.951104987931', 'human_address': '{""address"": """", ""city"": """", ""state"": """", ""zip"": """"}'}",9,7,229,1061895,Hamilton Heights-Sugar Hill,,
Compliance,14235296,PC8640702,2,2024630001,2,02463,0001,1170,WALTON AVENUE,10452,40.834067693872,-73.920042062362,Bronx,2026-01-30T13:50:26.000,Rat Activity,2026-02-03T09:46:10.000,"{'latitude': '40.834067693872', 'longitude': '-73.920042062362', 'human_address': '{""address"": """", ""city"": """", ""state"": """", ""zip"": """"}'}",4,16,197,2002834,Concourse-Concourse Village,1006376,243163
Compliance,14235111,PC8525233,13,1021800160,1,02180,0160,10,OVERLOOK TERRACE,10033,40.852969952474,-73.936437611581,Manhattan,2026-01-30T13:50:41.000,Rat Activity,2026-02-02T09:49:30.000,"{'latitude': '40.852969952474', 'longitude': '-73.936437611581', 'human_address': '{""address"": """", ""city"": """", ""state"": """", ""zip"": """"}'}",12,10,271,1064433,Washington Heights (North),1001834,250046
Compliance,14235112,PC8516620,8,1021800092,1,02180,0092,51,BENNETT AVENUE,10033,40.852008977052,-73.935863790788,Manhattan,2026-01-30T14:25:16.000,Rat Activity,2026-02-02T09:53:38.000,"{'latitude': '40.852008977052', 'longitude': '-73.935863790788', 'human_address': '{""address"": """", ""city"": """", ""state"": """", ""zip"": """"}'}",12,10,271,1064413,Washington Heights (North),1001993,249696
Initial,14235298,PC8662560,1,2024560240,2,02456,0240,1181,SHERMAN AVENUE,10456,40.833071445637,-73.916317537981,Bronx,2026-01-30T14:37:26.000,Rat Activity,2026-02-03T09:53:01.000,"{'latitude': '40.833071445637', 'longitude': '-73.916317537981', 'human_address': '{""address"": """", ""city"": """", ""state"": """", ""zip"": """"}'}",4,16,18102,2098340,Concourse-Concourse Village,1007407,242801
Compliance,14235593,PC8581158,5,1000197501,1,00019,7501,42,TRINITY PLACE,10006,40.70742979227,-74.013193903069,Manhattan,2026-01-30T15:08:06.000,Rat Activity,2026-02-03T07:54:41.000,"{'latitude': '40.70742979227', 'longitude': '-74.013193903069', 'human_address': '{""address"": """", ""city"": """", ""state"": """", ""zip"": """"}'}",1,1,13,1090972,Financial District-Battery Park City,980592,197015
Initial,14236066,PC8661219,1,3000510012,3,00051,0001,65,WASHINGTON STREET,11201,40.702300105824,-73.989627464703,Brooklyn,2026-02-02T08:09:00.000,Rat Activity,2026-02-03T11:55:46.000,"{'latitude': '40.702300105824', 'longitude': '-73.989627464703', 'human_address': '{""address"": """", ""city"": """", ""state"": """", ""zip"": """"}'}",2,33,21,3335874,Downtown Brooklyn-DUMBO-Boerum Hill,,
Compliance,14236010,PC8266754,4,3026250030,3,02625,0030,181,NORMAN AVENUE,11222,40.726999487184,-73.947010390873,Brooklyn,2026-02-02T08:25:20.000,Rat Activity,2026-02-03T08:58:22.000,"{'latitude': '40.726999487184', 'longitude': '-73.947010390873', 'human_address': '{""address"": """", ""city"": """", ""state"": """", ""zip"": """"}'}",1,33,573,3065860,Greenpoint,,
Compliance,14236122,PC8636755,2,3031190026,3,03119,0026,28,COOK STREET,11206,40.702280878677,-73.942922215787,Brooklyn,2026-02-02T08:53:00.000,Rat Activity,2026-02-03T11:02:25.000,"{'latitude': '40.702280878677', 'longitude': '-73.942922215787', 'human_address': '{""address"": """", ""city"": """", ""state"": """", ""zip"": """"}'}",1,34,491,3071603,East Williamsburg,1000076,195144
Initial,14236076,PC8661327,1,3000530009,3,00053,0009,126,FRONT STREET,11201,40.702437131351,-73.987492341214,Brooklyn,2026-02-02T09:22:00.000,Rat Activity,2026-02-03T11:38:13.000,"{'latitude': '40.702437131351', 'longitude': '-73.987492341214', 'human_address': '{""address"": """", ""city"": """", ""state"": """", ""zip"": """"}'}",2,33,21,3000135,Downtown Brooklyn-DUMBO-Boerum Hill,,
Treatments,3062449,PC8520542,7,2038990037,2,03899,0037,1475,TAYLOR AVENUE,10460,40.836811826058,-73.866263820784,Bronx,2026-02-02T09:25:13.000,Bait applied,2026-02-03T10:32:39.000,"{'latitude': '40.836811826058', 'longitude': '-73.866263820784', 'human_address': '{""address"": """", ""city"": """", ""state"": """", ""zip"": """"}'}",9,17,218,2028219,Soundview-Bruckner-Bronx River,1021256,244181
Compliance,14236124,PC8399992,5,3027620003,3,02762,0003,562,LORIMER STREET,11211,40.713757020279,-73.949307928337,Brooklyn,2026-02-02T09:27:00.000,Rat Activity and F,2026-02-03T11:06:31.000,"{'latitude': '40.713757020279', 'longitude': '-73.949307928337', 'human_address': '{""address"": """", ""city"": """", ""state"": """", ""zip"": """"}'}",1,34,503,3327261,East Williamsburg,998303,199324
Compliance,14235657,PC8548269,9,3052070050,3,05207,0050,621,EAST   21 STREET,11226,40.63881160819,-73.957810841079,Brooklyn,2026-02-02T09:36:27.000,Rat Activity,2026-02-03T11:17:14.000,"{'latitude': '40.63881160819', 'longitude': '-73.957810841079', 'human_address': '{""address"": """", ""city"": """", ""state"": """", ""zip"": """"}'}",14,40,51601,3000000,Flatbush,,
Compliance,14236125,PC8260951,5,3023310005,3,02331,0005,292,NORTH SEVENTH STREET,11211,40.715194316176,-73.953512925132,Brooklyn,2026-02-02T09:42:00.000,Rat Activity,2026-02-03T11:13:00.000,"{'latitude': '40.715194316176', 'longitude': '-73.953512925132', 'human_address': '{""address"": """", ""city"": """", ""state"": """", ""zip"": """"}'}",1,34,519,3062138,Williamsburg,997137,199847
Treatments,3062456,PC8595221,5,2039387501,2,03938,7501,1410,PARKCHESTER ROAD,10462,40.835670583101,-73.859833477639,Bronx,2026-02-02T09:43:43.000,Bait applied,2026-02-03T10:32:36.000,"{'latitude': '40.835670583101', 'longitude': '-73.859833477639', 'human_address': '{""address"": """", ""city"": """", ""state"": """", ""zip"": """"}'}",9,18,212,2096666,Parkchester,1023036,243768
Compliance,14235658,PC8309428,15,3051610022,3,05161,0022,350,EAST   19 STREET,11226,40.641859339657,-73.960687947217,Brooklyn,2026-02-02T09:53:27.000,Rat Activity,2026-02-03T11:17:51.000,"{'latitude': '40.641859339657', 'longitude': '-73.960687947217', 'human_address': '{""address"": """", ""city"": """", ""state"": """", ""zip"": """"}'}",14,40,514,3118788,Flatbush,995159,173138
Initial,14235868,PC8654076,1,1020760031,1,02076,0031,1704,AMSTERDAM AVENUE,10031,40.824765338318,-73.947958398868,Manhattan,2026-02-02T09:54:00.000,Rat Activity,2026-02-03T15:13:59.000,"{'latitude': '40.824765338318', 'longitude': '-73.947958398868', 'human_address': '{""address"": """", ""city"": """", ""state"": """", ""zip"": """"}'}",9,7,229,1061913,Hamilton Heights-Sugar Hill,,
Compliance,14236126,PC8332434,7,3023190017,3,02319,0017,164,BEDFORD AVENUE,11249,40.718302840715,-73.957230033332,Brooklyn,2026-02-02T10:00:00.000,Rat Activity,2026-02-03T11:12:27.000,"{'latitude': '40.718302840715', 'longitude': '-73.957230033332', 'human_address': '{""address"": """", ""city"": """", ""state"": """", ""zip"": """"}'}",1,33,553,3061921,Williamsburg,996106,200979
Treatments,3062460,PC8518112,4,2039470040,2,03947,0040,2145,STARLING AVENUE,10462,40.83620365935,-73.853706831104,Bronx,2026-02-02T10:12:32.000,Bait applied,2026-02-03T10:32:33.000,"{'latitude': '40.83620365935', 'longitude': '-73.853706831104', 'human_address': '{""address"": """", ""city"": """", ""state"": """", ""zip"": """"}'}",9,18,222,2041222,Parkchester,1024731,243965
Compliance,14236127,PC8449226,4,3023140020,3,02314,0020,264,NORTH NINTH STREET,11211,40.716780608413,-73.953060893096,Brooklyn,2026-02-02T10:15:00.000,Rat Activity,2026-02-03T11:05:07.000,"{'latitude': '40.716780608413', 'longitude': '-73.953060893096', 'human_address': '{""address"": """", ""city"": """", ""state"": """", ""zip"": """"}'}",1,33,519,3061845,Williamsburg,997262,200425
Initial,14236221,PC8652517,1,2043190040,2,04319,0040,2187,HOLLAND AVENUE,10462,40.856013366395,-73.865711738462,Bronx,2026-02-02T10:25:56.000,Rat Activity and F,2026-02-03T10:57:28.000,"{'latitude': '40.856013366395', 'longitude': '-73.865711738462', 'human_address': '{""address"": """", ""city"": """", ""state"": """", ""zip"": """"}'}",11,13,22403,2049408,Pelham Parkway-Van Nest,1021398,251177
Initial,14235877,PC8654000,1,1020760053,1,02076,0053,532,WEST 145 STREET,10031,40.825654944786,-73.948647840004,Manhattan,2026-02-02T10:28:00.000,Rat Activity,2026-02-03T15:18:51.000,"{'latitude': '40.825654944786', 'longitude': '-73.948647840004', 'human_address': '{""address"": """", ""city"": """", ""state"": """", ""zip"": """"}'}",9,7,229,1061920,Hamilton Heights-Sugar Hill,,
Treatments,3062481,PC8520241,15,1008820031,1,882,0031,137,EAST 26 STREET,10010,40.741310707099,-73.983111266375,Manhattan,2026-02-02T10:35:23.000,Bait applied,2026-02-03T11:53:49.000,"{'latitude': '40.741310707099', 'longitude': '-73.983111266375', 'human_address': '{""address"": """", ""city"": """", ""state"": """", ""zip"": """"}'}",6,2,68,1018135,Gramercy,,
Compliance,14235661,PC8431511,12,3051220062,3,05122,0062,201,EAST   18 STREET,11226,40.646169235557,-73.962443924829,Brooklyn,2026-02-02T10:36:27.000,Rat Activity,2026-02-03T11:10:39.000,"{'latitude': '40.646169235557', 'longitude': '-73.962443924829', 'human_address': '{""address"": """", ""city"": """", ""state"": """", ""zip"": """"}'}",14,40,512,3117606,Flatbush,994672,174698
Treatments,3062458,PC8617500,4,2039387501,2,03938,7501,1949,MCGRAW AVENUE,10462,40.834729165684,-73.859857151404,Bronx,2026-02-02T10:37:30.000,Bait applied,2026-02-03T10:32:35.000,"{'latitude': '40.834729165684', 'longitude': '-73.859857151404', 'human_address': '{""address"": """", ""city"": """", ""state"": """", ""zip"": """"}'}",9,18,212,2096668,Parkchester,1023030,243425
Treatments,3062489,PC8640642,3,1009070010,1,00907,0010,213,EAST   26 STREET,10010,40.740407346911,-73.980982389969,Manhattan,2026-02-02T10:47:23.000,Bait applied,2026-02-03T11:50:04.000,"{'latitude': '40.740407346911', 'longitude': '-73.980982389969', 'human_address': '{""address"": """", ""city"": """", ""state"": """", ""zip"": """"}'}",6,2,66,1077021,Murray Hill-Kips Bay,989520,209030
Initial,14235879,PC8653816,1,1020760061,1,02076,0061,3534,BROADWAY,10031,40.826215722794,-73.950587762032,Manhattan,2026-02-02T10:48:00.000,Rat Activity,2026-02-03T15:20:43.000,"{'latitude': '40.826215722794', 'longitude': '-73.950587762032', 'human_address': '{""address"": """", ""city"": """", ""state"": """", ""zip"": """"}'}",9,7,229,1061922,Hamilton Heights-Sugar Hill,,
Compliance,14236308,PC8638231,2,2030320007,2,03032,0007,2422,WEBSTER AVENUE,10458,40.859338952589,-73.893556006544,Bronx,2026-02-02T10:50:00.000,Rat Activity and F,2026-02-03T11:11:33.000,"{'latitude': '40.859338952589', 'longitude': '-73.893556006544', 'human_address': '{""address"": """", ""city"": """", ""state"": """", ""zip"": """"}'}",6,15,38304,2011220,Belmont,,
Compliance,14236303,PC8644913,2,2038730015,2,03873,0015,1322,NOBLE AVENUE,10472,40.833086603748,-73.870524668222,Bronx,2026-02-02T10:50:00.000,Failed for Other R,2026-02-03T11:09:27.000,"{'latitude': '40.833086603748', 'longitude': '-73.870524668222', 'human_address': '{""address"": """", ""city"": """", ""state"": """", ""zip"": """"}'}",9,18,76,2027737,Soundview-Bruckner-Bronx River,1020079,242822
Treatments,3062459,PC8613396,4,2039387501,2,03938,7501,1949,MCGRAW,,0.00000000000000000000,0.00000000000000000000,Bronx,2026-02-02T10:52:36.000,Bait applied,2026-02-03T10:32:34.000,"{'latitude': '0.0', 'longitude': '0.0', 'human_address': '{""address"": """", ""city"": """", ""state"": """", ""zip"": """"}'}",9,18,212,2096668,Parkchester,,
Compliance,14235972,PC8402423,7,3018920070,3,01892,0070,515,MYRTLE AVENUE,11205,40.693602316755,-73.964277857587,Brooklyn,2026-02-02T10:55:00.000,Rat Activity and F,2026-02-03T13:16:01.000,"{'latitude': '40.693602316755', 'longitude': '-73.964277857587', 'human_address': '{""address"": """", ""city"": """", ""state"": """", ""zip"": """"}'}",2,35,191,3332261,Clinton Hill,,
Initial,14236130,PC8658761,1,3027500003,3,02750,0003,388,GRAHAM AVENUE,11211,40.716181240433,-73.944645396031,Brooklyn,2026-02-02T10:58:00.000,Rat Activity,2026-02-03T12:37:10.000,"{'latitude': '40.716181240433', 'longitude': '-73.944645396031', 'human_address': '{""address"": """", ""city"": """", ""state"": """", ""zip"": """"}'}",1,34,497,3068453,East Williamsburg,999595,200208
Treatments,3062485,PC8617592,4,1009060041,1,00906,0041,226,EAST   26 STREET,10010,40.740195925107,-73.98053497879,Manhattan,2026-02-02T11:00:23.000,Bait applied,2026-02-03T11:52:17.000,"{'latitude': '40.740195925107', 'longitude': '-73.98053497879', 'human_address': '{""address"": """", ""city"": """", ""state"": """", ""zip"": """"}'}",6,2,66,1019841,Murray Hill-Kips Bay,989644,208953
Initial,14235884,PC8654057,1,1020760013,1,02076,0013,549,WEST 144 STREET,10031,40.825131053576,-73.949446778019,Manhattan,2026-02-02T11:08:00.000,Rat Activity,2026-02-03T15:26:42.000,"{'latitude': '40.825131053576', 'longitude': '-73.949446778019', 'human_address': '{""address"": """", ""city"": """", ""state"": """", ""zip"": """"}'}",9,7,229,1061900,Hamilton Heights-Sugar Hill,,
Compliance,14236301,PC8642037,2,2038180034,2,03818,0034,2260,HAVILAND AVENUE,10462,40.83071888259,-73.848862289726,Bronx,2026-02-02T11:10:00.000,Failed for Other R,2026-02-03T11:08:22.000,"{'latitude': '40.83071888259', 'longitude': '-73.848862289726', 'human_address': '{""address"": """", ""city"": """", ""state"": """", ""zip"": """"}'}",9,18,92,2026722,Castle Hill-Unionport,1026075,241969
Initial,14236222,PC8661137,1,2050340017,2,05034,0017,4325,CARPENTER AVENUE,10466,40.897216878658,-73.858560153724,Bronx,2026-02-02T11:10:56.000,Failed for Other R,2026-02-03T10:52:54.000,"{'latitude': '40.897216878658', 'longitude': '-73.858560153724', 'human_address': '{""address"": """", ""city"": """", ""state"": """", ""zip"": """"}'}",12,11,418,2069581,Wakefield-Woodlawn,1023352,266192
Compliance,14236229,PC8636417,2,2028210032,2,02821,0032,1560,GRAND CONCOURSE,10457,40.842452614058,-73.912174645875,Bronx,2026-02-02T11:18:01.000,Failed for Other R,2026-02-03T10:27:19.000,"{'latitude': '40.842452614058', 'longitude': '-73.912174645875', 'human_address': '{""address"": """", ""city"": """", ""state"": """", ""zip"": """"}'}",4,16,225,2007852,Mount Eden-Claremont (West),,
Initial,14236132,PC8653384,1,3028930153,3,02893,0153,43,MASPETH AVENUE,11211,40.715600224112,-73.940897888328,Brooklyn,2026-02-02T11:24:00.000,Failed for Other R,2026-02-03T12:38:44.000,"{'latitude': '40.715600224112', 'longitude': '-73.940897888328', 'human_address': '{""address"": """", ""city"": """", ""state"": """", ""zip"": """"}'}",1,34,477,3348031,East Williamsburg,1000634,199997
Compliance,14235909,PC8236452,7,2027190092,2,02719,0092,1124,FOX STREET,10459,40.827568882841,-73.893841897216,Bronx,2026-02-02T11:24:26.000,Rat Activity,2026-02-03T11:00:21.000,"{'latitude': '40.827568882841', 'longitude': '-73.893841897216', 'human_address': '{""address"": """", ""city"": """", ""state"": """", ""zip"": """"}'}",3,17,125,2005718,Crotona Park East,1013629,240803
Compliance,14236309,PC8634319,2,2032140013,2,03214,0013,2532,UNIVERSITY AVENUE,10468,40.865923560923,-73.902851709016,Bronx,2026-02-02T11:25:00.000,Rat Activity and F,2026-02-03T11:12:09.000,"{'latitude': '40.865923560923', 'longitude': '-73.902851709016', 'human_address': '{""address"": """", ""city"": """", ""state"": """", ""zip"": """"}'}",7,14,265,2014651,University Heights (North)-Fordham,1011120,254774
Compliance,14236223,PC8642035,2,2050060034,2,05006,0034,1742,PITMAN AVENUE,10466,40.89526198505,-73.851510986529,Bronx,2026-02-02T11:32:56.000,Failed for Other R,2026-02-03T11:03:08.000,"{'latitude': '40.89526198505', 'longitude': '-73.851510986529', 'human_address': '{""address"": """", ""city"": """", ""state"": """", ""zip"": """"}'}",12,11,430,2101794,Wakefield-Woodlawn,1025302,265483
Compliance,14236230,PC8636511,2,2028210061,2,02821,0061,1551,SHERIDAN AVENUE,10457,40.842012614323,-73.911080129629,Bronx,2026-02-02T11:34:01.000,Failed for Other R,2026-02-03T11:22:30.000,"{'latitude': '40.842012614323', 'longitude': '-73.911080129629', 'human_address': '{""address"": """", ""city"": """", ""state"": """", ""zip"": """"}'}",4,16,225,2007854,Mount Eden-Claremont (West),,
Compliance,14235974,PC8512018,7,3019030016,3,01903,0016,167,WAVERLY AVENUE,11205,40.692771678061,-73.967743734492,Brooklyn,2026-02-02T11:40:00.000,Rat Activity,2026-02-03T13:20:27.000,"{'latitude': '40.692771678061', 'longitude': '-73.967743734492', 'human_address': '{""address"": """", ""city"": """", ""state"": """", ""zip"": """"}'}",2,35,195,3054809,Clinton Hill,993189,191713
Compliance,14236113,PC8653673,2,4006510036,4,00651,0036,30-25,36 STREET,11103,40.764215145599,-73.918025253686,Queens,2026-02-02T11:40:00.000,Rat Activity,2026-02-03T11:57:11.000,"{'latitude': '40.764215145599', 'longitude': '-73.918025253686', 'human_address': '{""address"": """", ""city"": """", ""state"": """", ""zip"": """"}'}",1,22,63,4010003,Astoria (Central),,
Initial,14235654,PC8664221,1,1020160101,1,02016,0101,2619,ADAM C POWELL BOULEVARD,10039,40.825327663413,-73.93636655978,Manhattan,2026-02-02T11:40:21.000,Rat Activity,2026-02-03T09:34:12.000,"{'latitude': '40.825327663413', 'longitude': '-73.93636655978', 'human_address': '{""address"": """", ""city"": """", ""state"": """", ""zip"": """"}'}",10,9,236,1000000,Harlem (North),,
Compliance,14236190,PC8567375,8,2031980110,2,03198,0110,15,EVELYN PLACE,10468,40.859219251147,-73.904123219746,Bronx,2026-02-02T11:40:37.000,Rat Activity,2026-02-03T12:32:08.000,"{'latitude': '40.859219251147', 'longitude': '-73.904123219746', 'human_address': '{""address"": """", ""city"": """", ""state"": """", ""zip"": """"}'}",7,14,239,2014287,Fordham Heights,1010771,252331
Compliance,14235970,PC8646976,2,4006280021,4,00628,0021,28-08,35 STREET,11103,40.766734172928,-73.917105178789,Queens,2026-02-02T11:42:30.000,Rat Activity,2026-02-03T10:17:00.000,"{'latitude': '40.766734172928', 'longitude': '-73.917105178789', 'human_address': '{""address"": """", ""city"": """", ""state"": """", ""zip"": """"}'}",1,22,6501,4009167,Astoria (Central),,
Treatments,3062482,PC8528711,14,1009010038,1,901,0038,240,EAST 21 STREET,10010,40.737119453509,-73.983112332827,Manhattan,2026-02-02T11:47:23.000,Bait applied,2026-02-03T11:53:23.000,"{'latitude': '40.737119453509', 'longitude': '-73.983112332827', 'human_address': '{""address"": """", ""city"": """", ""state"": """", ""zip"": """"}'}",6,2,64,1019623,Gramercy,,
Initial,14235910,PC8651474,1,2029810001,2,02981,0001,1460,SOUTHERN BOULEVARD,10460,40.832640826639,-73.890556166417,Bronx,2026-02-02T11:52:26.000,Rat Activity,2026-02-03T11:14:29.000,"{'latitude': '40.832640826639', 'longitude': '-73.890556166417', 'human_address': '{""address"": """", ""city"": """", ""state"": """", ""zip"": """"}'}",3,17,157,2010568,Crotona Park East,,
Compliance,14235649,PC8613391,4,1003480027,1,00348,0027,97,CLINTON STREET,10002,40.718460847855,-73.985393387226,Manhattan,2026-02-02T11:54:47.000,Rat Activity,2026-02-03T09:14:07.000,"{'latitude': '40.718460847855', 'longitude': '-73.985393387226', 'human_address': '{""address"": """", ""city"": """", ""state"": """", ""zip"": """"}'}",3,1,1402,1004183,Lower East Side,988295,201026
Initial,14236310,PC8659130,1,2032500005,2,03250,0005,2830,SEDGWICK AVENUE,10468,40.873028899168,-73.901951780852,Bronx,2026-02-02T11:55:00.000,Rat Activity,2026-02-03T11:16:55.000,"{'latitude': '40.873028899168', 'longitude': '-73.901951780852', 'human_address': '{""address"": """", ""city"": """", ""state"": """", ""zip"": """"}'}",8,14,26702,2015396,Kingsbridge Heights-Van Cortlandt Village,1011366,257363
Compliance,14236305,PC8644838,2,2034560034,2,03456,0034,254,SOUNDVIEW AVENUE,10473,40.810756820716,-73.855634249473,Bronx,2026-02-02T12:00:00.000,Rat Activity,2026-02-03T11:10:21.000,"{'latitude': '40.810756820716', 'longitude': '-73.855634249473', 'human_address': '{""address"": """", ""city"": """", ""state"": """", ""zip"": """"}'}",9,18,4,2020207,Soundview-Clason Point,,
Initial,14236253,PC8653972,1,1020790057,1,02079,0057,558,WEST 148 STREET,10031,40.827789951653,-73.947757286424,Manhattan,2026-02-02T12:02:06.000,Rat Activity,2026-02-03T16:26:51.000,"{'latitude': '40.827789951653', 'longitude': '-73.947757286424', 'human_address': '{""address"": """", ""city"": """", ""state"": """", ""zip"": """"}'}",9,7,233,1062005,Hamilton Heights-Sugar Hill,,
Initial,14236254,PC8653715,1,1020790055,1,02079,0055,554,WEST 148 STREET,10031,40.827756978599,-73.947677817374,Manhattan,2026-02-02T12:08:06.000,Rat Activity,2026-02-03T16:27:29.000,"{'latitude': '40.827756978599', 'longitude': '-73.947677817374', 'human_address': '{""address"": """", ""city"": """", ""state"": """", ""zip"": """"}'}",9,7,233,1062004,Hamilton Heights-Sugar Hill,,
Compliance,14235976,PC8488741,7,3019170025,3,01917,0025,126,WILLOUGHBY AVENUE,11205,40.691654432927,-73.967311556342,Brooklyn,2026-02-02T12:10:00.000,Rat Activity,2026-02-03T13:22:36.000,"{'latitude': '40.691654432927', 'longitude': '-73.967311556342', 'human_address': '{""address"": """", ""city"": """", ""state"": """", ""zip"": """"}'}",2,35,195,3055058,Clinton Hill,,
Compliance,14235800,PC8543361,3,3004130043,3,00413,0043,162,4 AVENUE,11217,40.679407704598,-73.981699288588,Brooklyn,2026-02-02T12:10:00.000,Rat Activity,2026-02-03T12:58:46.000,"{'latitude': '40.679407704598', 'longitude': '-73.981699288588', 'human_address': '{""address"": """", ""city"": """", ""state"": """", ""zip"": """"}'}",6,39,127,3006628,Carroll Gardens-Cobble Hill-Gowanus-Red Hook,989326,186806
Initial,14236176,PC8654192,1,1020100018,1,02010,0018,117,WEST  141 STREET,10030,40.81817340201,-73.938725417624,Manhattan,2026-02-02T12:15:45.000,Rat Activity,2026-02-03T09:57:44.000,"{'latitude': '40.81817340201', 'longitude': '-73.938725417624', 'human_address': '{""address"": """", ""city"": """", ""state"": """", ""zip"": """"}'}",10,9,230,1060087,Harlem (North),1001210,237368
Initial,14236115,PC8667053,1,4005750022,4,00575,0022,27-15,30 AVENUE,11102,40.768185532502,-73.924150411475,Queens,2026-02-02T12:16:00.000,Failed for Other R,2026-02-03T11:58:52.000,"{'latitude': '40.768185532502', 'longitude': '-73.924150411475', 'human_address': '{""address"": """", ""city"": """", ""state"": """", ""zip"": """"}'}",1,22,71,4445849,Astoria (Central),,
Compliance,14236233,PC8636451,2,2028320060,2,02832,0060,1455,SHERIDAN AVENUE,10457,40.839770817443,-73.911928829288,Bronx,2026-02-02T12:16:01.000,Failed for Other R,2026-02-03T11:57:18.000,"{'latitude': '40.839770817443', 'longitude': '-73.911928829288', 'human_address': '{""address"": """", ""city"": """", ""state"": """", ""zip"": """"}'}",4,16,225,2007995,Mount Eden-Claremont (West),,
Initial,14236136,PC8657263,1,3014000042,3,01400,0042,1578,UNION STREET,11213,40.668141131217,-73.93722002164,Brooklyn,2026-02-02T12:17:57.000,Rat Activity,2026-02-03T11:26:05.000,"{'latitude': '40.668141131217', 'longitude': '-73.93722002164', 'human_address': '{""address"": """", ""city"": """", ""state"": """", ""zip"": """"}'}",9,35,335,3037671,Crown Heights (South),1001666,182707
Initial,14236112,PC8662312,1,4005380043,4,00538,0043,28-10,21 STREET,11102,40.770866288173,-73.927039206999,Queens,2026-02-02T12:36:00.000,Rat Activity,2026-02-03T11:51:02.000,"{'latitude': '40.770866288173', 'longitude': '-73.927039206999', 'human_address': '{""address"": """", ""city"": """", ""state"": """", ""zip"": """"}'}",1,22,83,4000000,Old Astoria-Hallets Point,1004459,220135
Initial,14235655,PC8664222,1,1021050001,1,02105,0001,2930,8 AVENUE,10039,40.829307965405,-73.93714325357,Manhattan,2026-02-02T12:45:21.000,Rat Activity,2026-02-03T09:28:25.000,"{'latitude': '40.829307965405', 'longitude': '-73.93714325357', 'human_address': '{""address"": """", ""city"": """", ""state"": """", ""zip"": """"}'}",10,9,24302,1076737,Harlem (North),,
Initial,14236178,PC8664233,1,1020430007,1,02043,0007,311,WEST  141 STREET,10030,40.820503764368,-73.944262016555,Manhattan,2026-02-02T12:48:41.000,Rat Activity,2026-02-03T10:02:57.000,"{'latitude': '40.820503764368', 'longitude': '-73.944262016555', 'human_address': '{""address"": """", ""city"": """", ""state"": """", ""zip"": """"}'}",10,9,259,1060741,Harlem (North),999677,238216
Compliance,14236234,PC8638271,2,2030320002,2,03032,0002,2406,WEBSTER AVENUE,10458,40.858946700559,-73.893820540081,Bronx,2026-02-02T12:52:01.000,Rat Activity,2026-02-03T12:00:51.000,"{'latitude': '40.858946700559', 'longitude': '-73.893820540081', 'human_address': '{""address"": """", ""city"": """", ""state"": """", ""zip"": """"}'}",6,15,38304,2011215,Belmont,,
Initial,14235771,PC8665650,1,3011420003,3,01142,0003,661,CLASSON AVENUE,11238,40.677754975242,-73.959022711328,Brooklyn,2026-02-02T12:55:16.000,Rat Activity,2026-02-03T08:27:53.000,"{'latitude': '40.677754975242', 'longitude': '-73.959022711328', 'human_address': '{""address"": """", ""city"": """", ""state"": """", ""zip"": """"}'}",8,35,305,3028010,Crown Heights (North),,
Compliance,14235689,PC8634426,6,1015430130,1,01543,0130,354,East 81st street.,10028,40.774104872559,-73.952828975565,Manhattan,2026-02-02T12:55:42.000,Failed for Other R,2026-02-03T07:49:49.000,"{'latitude': '40.774104872559', 'longitude': '-73.952828975565', 'human_address': '{""address"": """", ""city"": """", ""state"": """", ""zip"": """"}'}",8,5,138,1049830,Upper East Side-Yorkville,,
Initial,14236117,PC8660405,1,4008990001,4,00899,0001,14-35,26 AVENUE,11102,40.774366113217,-73.927450565574,Queens,2026-02-02T12:58:00.000,Failed for Other R,2026-02-03T12:01:20.000,"{'latitude': '40.774366113217', 'longitude': '-73.927450565574', 'human_address': '{""address"": """", ""city"": """", ""state"": """", ""zip"": """"}'}",1,22,91,4020442,Old Astoria-Hallets Point,1004344,221410
Initial,14236056,PC8664205,1,4001840001,4,00184,0001,41-41,41 STREET,11104,40.746805627067,-73.922698764478,Queens,2026-02-02T13:00:00.000,Rat Activity,2026-02-03T10:05:03.000,"{'latitude': '40.746805627067', 'longitude': '-73.922698764478', 'human_address': '{""address"": """", ""city"": """", ""state"": """", ""zip"": """"}'}",2,26,18102,4002378,Sunnyside,1005669,211370
Compliance,14236235,PC8637612,2,2030320003,2,03032,0003,2408,WEBSTER AVENUE,10458,40.859108539282,-73.893711827022,Bronx,2026-02-02T13:10:00.000,Rat Activity,2026-02-03T12:03:31.000,"{'latitude': '40.859108539282', 'longitude': '-73.893711827022', 'human_address': '{""address"": """", ""city"": """", ""state"": """", ""zip"": """"}'}",6,15,38304,2011216,Belmont,,
Initial,14236312,PC8650119,1,2057430203,2,05743,0203,2550,INDEPENDENCE AVENUE,10463,40.880362878103,-73.919740264321,Bronx,2026-02-02T13:20:00.000,Rat Activity,2026-02-03T10:55:30.000,"{'latitude': '40.880362878103', 'longitude': '-73.919740264321', 'human_address': '{""address"": """", ""city"": """", ""state"": """", ""zip"": """"}'}",8,11,29301,2083470,Riverdale-Spuyten Duyvil,1006444,260030
Initial,14236137,PC8661052,1,3013250001,3,01325,0001,446,KINGSTON AVENUE,11225,40.663530062112,-73.942764464588,Brooklyn,2026-02-02T13:23:57.000,Rat Activity,2026-02-03T11:27:14.000,"{'latitude': '40.663530062112', 'longitude': '-73.942764464588', 'human_address': '{""address"": """", ""city"": """", ""state"": """", ""zip"": """"}'}",9,40,329,3035179,Prospect Lefferts Gardens-Wingate,1000129,181026
Compliance,14236057,PC8652906,2,4001710048,4,00171,0048,47-34,45 STREET,11377,40.740529375601,-73.920183619099,Queens,2026-02-02T13:34:00.000,Rat Activity and F,2026-02-03T10:04:14.000,"{'latitude': '40.740529375601', 'longitude': '-73.920183619099', 'human_address': '{""address"": """", ""city"": """", ""state"": """", ""zip"": """"}'}",2,26,18502,4002089,Sunnyside,,
Initial,14236313,PC8650387,1,2059030283,2,05903,0283,3611,HENRY HUDSON PARKWAY WEST,10463,40.887348131925,-73.912140421994,Bronx,2026-02-02T13:35:00.000,Rat Activity,2026-02-03T10:56:00.000,"{'latitude': '40.887348131925', 'longitude': '-73.912140421994', 'human_address': '{""address"": """", ""city"": """", ""state"": """", ""zip"": """"}'}",8,11,30701,2085775,Riverdale-Spuyten Duyvil,1008543,262577
Initial,14235978,PC8659073,1,3020460005,3,02046,0005,129,CLERMONT AVENUE,11205,40.69404612984,-73.971028305357,Brooklyn,2026-02-02T13:40:00.000,Rat Activity,2026-02-03T13:23:41.000,"{'latitude': '40.69404612984', 'longitude': '-73.971028305357', 'human_address': '{""address"": """", ""city"": """", ""state"": """", ""zip"": """"}'}",2,35,187,3058122,Fort Greene,992284,192140
Compliance,14236058,PC8652905,2,4001710049,4,00171,0049,47-36,45 STREET,11377,40.740504675254,-73.920187257464,Queens,2026-02-02T13:49:00.000,Rat Activity,2026-02-03T10:03:22.000,"{'latitude': '40.740504675254', 'longitude': '-73.920187257464', 'human_address': '{""address"": """", ""city"": """", ""state"": """", ""zip"": """"}'}",2,26,18502,4002090,Sunnyside,,
Compliance,14235908,PC8651516,2,4030010037,4,03001,0037,75-29,FURMANVILLE AVENUE,11379,40.717017173204,-73.878853206725,Queens,2026-02-02T13:50:14.000,Failed for Other R,2026-02-03T10:50:13.000,"{'latitude': '40.717017173204', 'longitude': '-73.878853206725', 'human_address': '{""address"": """", ""city"": """", ""state"": """", ""zip"": """"}'}",5,30,659,4069679,Middle Village,1017833,200531
Initial,14236138,PC8658724,1,3050480091,3,05048,0091,259,PARKSIDE AVENUE,11226,40.655681526759,-73.959176880089,Brooklyn,2026-02-02T13:56:00.000,Rat Activity and F,2026-02-03T11:24:46.000,"{'latitude': '40.655681526759', 'longitude': '-73.959176880089', 'human_address': '{""address"": """", ""city"": """", ""state"": """", ""zip"": """"}'}",9,40,79601,3115844,Prospect Lefferts Gardens-Wingate,995577,178164
Initial,14236119,PC8667054,1,4008760003,4,00876,0003,21-25,24 AVENUE,11102,40.77649751515,-73.921349898473,Queens,2026-02-02T14:04:00.000,Rat Activity,2026-02-03T12:04:12.000,"{'latitude': '40.77649751515', 'longitude': '-73.921349898473', 'human_address': '{""address"": """", ""city"": """", ""state"": """", ""zip"": """"}'}",1,22,97,4019314,Astoria (North)-Ditmars-Steinway,,
Compliance,14236059,PC8652928,2,4001980005,4,00198,0005,47-51,40 STREET,11104,40.740422786058,-73.924925522431,Queens,2026-02-02T14:15:00.000,Rat Activity,2026-02-03T10:02:15.000,"{'latitude': '40.740422786058', 'longitude': '-73.924925522431', 'human_address': '{""address"": """", ""city"": """", ""state"": """", ""zip"": """"}'}",2,26,18502,4002646,Sunnyside,,
Treatments,3062592,PC8301636,19,3014520023,3,01452,0023,1896,BERGEN STREET,11233,40.674359906089,-73.918377662902,Brooklyn,2026-02-03T10:20:40.000,Bait applied,2026-02-03T14:37:58.000,"{'latitude': '40.674359906089', 'longitude': '-73.918377662902', 'human_address': '{""address"": """", ""city"": """", ""state"": """", ""zip"": """"}'}",16,41,303,3039035,Ocean Hill,1006891,184977
