inspection_job_id,job_id_interdata,job_progress_interdata,house_number_interdata,street_name_interdata,address_interdata,zip_code_interdata,latitude_interdata,longitude_interdata,result_interdata,approved_date_interdata,nta_interdata,name,country,country_code,state,county,city,postcode,district,suburb,street,housenumber,iso3166_2,lon,lat,state_code,formatted,address_line1,address_line2,categories,details,datasource,website,contact,catering,distance,place_id,geo_lon,geo_lat,opening_hours,description,commercial,facilities,brand,brand_details,quarter,building,name_other
Compliance,PC8654073,2,447,East 9 Street,447 East 9 Street,10009.0,40.727378256282,-73.982934413601,Rat Activity,2026-03-03T09:20:43.000,East Village,"Hello, Yam!",United States,us,New York,New York County,New York,10009,East Village,Manhattan,East 9th Street,4432,US-NY,-73.9829136,40.727499,NY,"Hello, Yam!, 4432 East 9th Street, New York, NY 10009, United States of America","Hello, Yam!","4432 East 9th Street, New York, NY 10009, United States of America","['catering', 'catering.fast_food', 'vegan']","['details', 'details.catering', 'details.contact']","{'sourcename': 'openstreetmap', 'attribution': '© OpenStreetMap contributors', 'license': 'Open Database License', 'url': 'https://www.openstreetmap.org/copyright', 'raw': {'name': 'Hello, Yam!', 'email': 'eastvillage@helloyamnyc.com', 'phone': '+1-347-222-6434', 'osm_id': 12247152956, 'amenity': 'fast_food', 'cuisine': 'japanese;sweet_potato', 'website': 'https://www.helloyam.com/', 'osm_type': 'n', 'addr:city': 'New York', 'addr:state': 'NY', 'diet:vegan': 'yes', 'addr:street': 'East 9th Street', 'website:menu': 'https://www.helloyam.com/menu', 'addr:postcode': 10009, 'addr:housenumber': 4432, 'contact:instagram': 'helloyam_eastvillage'}}",https://www.helloyam.com/,"{'phone': '+1-347-222-6434', 'email': 'eastvillage@helloyamnyc.com'}","{'cuisine': 'japanese;sweet_potato', 'diet': {'vegan': True}}",14.0,51cbb2710ee87e52c059f235efaf1e5d4440f00103f9013cb9fcd90200000092030b48656c6c6f2c2059616d21,-73.9829136,40.727499000360595,,,,,,,,,
Compliance,PC8654073,2,447,East 9 Street,447 East 9 Street,10009.0,40.727378256282,-73.982934413601,Rat Activity,2026-03-03T09:20:43.000,East Village,Confectionery!,United States,us,New York,New York County,New York,10003,East Village,Manhattan,East 9th Street,440,US-NY,-73.9830755,40.7273195,NY,"Confectionery!, 440 East 9th Street, New York, NY 10003, United States of America",Confectionery!,"440 East 9th Street, New York, NY 10003, United States of America","['commercial', 'commercial.food_and_drink', 'commercial.food_and_drink.bakery', 'vegan', 'vegetarian']","['details', 'details.contact']","{'sourcename': 'openstreetmap', 'attribution': '© OpenStreetMap contributors', 'license': 'Open Database License', 'url': 'https://www.openstreetmap.org/copyright', 'raw': {'name': 'Confectionery!', 'shop': 'bakery', 'phone': '+1 646-869-0133', 'osm_id': 6281164644, 'website': 'https://lagustasluscious.com/shop/', 'osm_type': 'n', 'diet:vegan': 'yes', 'addr:street': 'East 9th Street', 'description': 'Vegan sweet shop.', 'opening_hours': 'Mo-Su 12:00-15:30, Mo-Sa 16:15-20:00', 'diet:vegetarian': 'yes', 'addr:housenumber': 440}}",https://lagustasluscious.com/shop/,{'phone': '+1 646-869-0133'},,14.0,51ec7f80b5ea7e52c05957e52dce185d4440f00103f90164f762760100000092030e436f6e66656374696f6e65727921,-73.98307549999998,40.72731950036057,"Mo-Su 12:00-15:30, Mo-Sa 16:15-20:00",Vegan sweet shop.,{'type': 'bakery'},,,,,,
Compliance,PC8654073,2,447,East 9 Street,447 East 9 Street,10009.0,40.727378256282,-73.982934413601,Rat Activity,2026-03-03T09:20:43.000,East Village,Doc Hollidays,United States,us,New York,New York County,New York,10009,Alphabet City,Manhattan,Avenue A,141,US-NY,-73.982885,40.7272283,NY,"Doc Hollidays, 141 Avenue A, New York, NY 10009, United States of America",Doc Hollidays,"141 Avenue A, New York, NY 10009, United States of America","['catering', 'catering.bar']",[],"{'sourcename': 'openstreetmap', 'attribution': '© OpenStreetMap contributors', 'license': 'Open Database License', 'url': 'https://www.openstreetmap.org/copyright', 'raw': {'name': 'Doc Hollidays', 'osm_id': 2549928461, 'amenity': 'bar', 'osm_type': 'n', 'check_date': '2024-11-09', 'addr:street': 'Avenue A', 'addr:postcode': 10009, 'addr:housenumber': 141, 'opening_hours:signed': 'no'}}",,,,17.0,51a6ae7c96e77e52c059196323d1155d4440f00103f9010dd2fc970000000092030d446f6320486f6c6c6964617973,-73.98288499999998,40.727228300360544,,,,,,,,,
Compliance,PC8654073,2,447,East 9 Street,447 East 9 Street,10009.0,40.727378256282,-73.982934413601,Rat Activity,2026-03-03T09:20:43.000,East Village,Poke N' Roll,United States,us,New York,New York County,New York,10009,East Village,Manhattan,East 9th Street,441,US-NY,-73.9830427,40.7275413,NY,"Poke N' Roll, 441 East 9th Street, New York, NY 10009, United States of America",Poke N' Roll,"441 East 9th Street, New York, NY 10009, United States of America","['catering', 'catering.fast_food']","['details', 'details.catering', 'details.contact', 'details.facilities']","{'sourcename': 'openstreetmap', 'attribution': '© OpenStreetMap contributors', 'license': 'Open Database License', 'url': 'https://www.openstreetmap.org/copyright', 'raw': {'name': ""Poke N' Roll"", 'phone': '+1-212-420-7653', 'osm_id': 7366142883, 'amenity': 'fast_food', 'cuisine': 'hawaiian', 'osm_type': 'n', 'takeaway': 'yes', 'addr:street': 'East 9th Street', 'addr:postcode': 10009, 'opening_hours': 'Mo-Su 11:00-22:00', 'addr:housenumber': 441, 'contact:facebook': 'https://www.facebook.com/pokenrollnyc/'}}",,{'phone': '+1-212-420-7653'},{'cuisine': 'hawaiian'},20.0,5194c4ed2bea7e52c059dec4c512205d4440f00103f901a36b0eb70100000092030c506f6b65204e2720526f6c6c,-73.9830427,40.727541300360585,Mo-Su 11:00-22:00,,,{'takeaway': True},,,,,
Compliance,PC8654073,2,447,East 9 Street,447 East 9 Street,10009.0,40.727378256282,-73.982934413601,Rat Activity,2026-03-03T09:20:43.000,East Village,Tacos Morelos,United States,us,New York,New York County,New York,10009,East Village,Manhattan,East 9th Street,438,US-NY,-73.9831865,40.7273626,NY,"Tacos Morelos, 438 East 9th Street, New York, NY 10009, United States of America",Tacos Morelos,"438 East 9th Street, New York, NY 10009, United States of America","['catering', 'catering.fast_food']","['details', 'details.catering', 'details.facilities']","{'sourcename': 'openstreetmap', 'attribution': '© OpenStreetMap contributors', 'license': 'Open Database License', 'url': 'https://www.openstreetmap.org/copyright', 'raw': {'name': 'Tacos Morelos', 'osm_id': 5215491822, 'amenity': 'fast_food', 'delivery': 'yes', 'osm_type': 'n', 'takeaway': 'yes', 'addr:street': 'East 9th Street', 'addr:postcode': 10009, 'opening_hours': 'Mo-Su 11:00-22:30', 'addr:housenumber': 438}}",,,,21.0,5199d71187ec7e52c059ea70ba371a5d4440f00103f901ee16de360100000092030d5461636f73204d6f72656c6f73,-73.9831865,40.727362600360564,Mo-Su 11:00-22:30,,,"{'takeaway': True, 'delivery': True}",,,,,
Initial,PC8672869,1,87-82,160 Street,87-82 160 Street,11432.0,40.707470300369,-73.801622270704,Failed for Rat Act,2026-03-04T11:52:43.000,Jamaica,Diyaanaat NY,United States,us,New York,Queens County,New York,11432,,Queens,160th Street,160-02,US-NY,-73.8016116,40.7076871,NY,"Diyaanaat NY, 160-02 160th Street, New York, NY 11432, United States of America",Diyaanaat NY,"160-02 160th Street, New York, NY 11432, United States of America","['commercial', 'commercial.food_and_drink', 'commercial.food_and_drink.butcher']","['details.commercial', 'details.contact']","{'sourcename': 'openstreetmap', 'attribution': '© OpenStreetMap contributors', 'license': 'Open Database License', 'url': 'https://www.openstreetmap.org/copyright', 'raw': {'name': 'Diyaanaat NY', 'shop': 'butcher', 'level': 0, 'phone': '+1-917-515-0652', 'osm_id': 9815263219, 'osm_type': 'n', 'addr:city': 'Jamaica', 'addr:state': 'NY', 'addr:street': '160th Street', 'addr:postcode': 11432, 'addr:housenumber': '160-02'}}",,{'phone': '+1-917-515-0652'},,24.0,510786bd9a4d7352c05978ebab7d955a4440f00103f901f30709490200000092030c44697961616e616174204e59,-73.80161159999999,40.707687100358214,,,"{'type': 'butcher', 'level': 0}",,,,,,
Initial,PC8672869,1,87-82,160 Street,87-82 160 Street,11432.0,40.707470300369,-73.801622270704,Failed for Rat Act,2026-03-04T11:52:43.000,Jamaica,Sybil's Restaurant & Bakery,United States,us,New York,Queens County,New York,11432,,Queens,Hillside Avenue,159-24,US-NY,-73.801885,40.7078089,NY,"Sybil's Restaurant & Bakery, 159-24 Hillside Avenue, New York, NY 11432, United States of America",Sybil's Restaurant & Bakery,"159-24 Hillside Avenue, New York, NY 11432, United States of America","['catering', 'catering.restaurant']","['details', 'details.catering', 'details.contact', 'details.facilities']","{'sourcename': 'openstreetmap', 'attribution': '© OpenStreetMap contributors', 'license': 'Open Database License', 'url': 'https://www.openstreetmap.org/copyright', 'raw': {'name': ""Sybil's Restaurant & Bakery"", 'phone': '+1-718-297-2359', 'osm_id': 4964211688, 'amenity': 'restaurant', 'website': 'https://www.sybilsbakerynyc.com', 'osm_type': 'n', 'addr:city': 'Jamaica', 'addr:state': 'NY', 'addr:street': 'Hillside Avenue', 'addr:postcode': 11432, 'opening_hours': '10:00-21:00', 'indoor_seating': 'yes', 'outdoor_seating': 'no', 'addr:housenumber': '159-24', 'air_conditioning': 'yes'}}",https://www.sybilsbakerynyc.com,{'phone': '+1-718-297-2359'},,44.0,51ca897615527352c0599b6d677b995a4440f00103f901e8dbe3270100000092031b537962696c27732052657374617572616e7420262042616b657279,-73.801885,40.70780890035822,10:00-21:00,,,"{'air_conditioning': True, 'outdoor_seating': False}",,,,,
Treatments,PC8488952,7,584,Myrtle Avenue,584 Myrtle Avenue,11205.0,40.693974625602,-73.961259324748,Bait applied,2026-03-02T13:36:26.000,Clinton Hill,Tipsy,United States,us,New York,Kings County,New York,11205,,Brooklyn,Myrtle Avenue,584,US-NY,-73.9612384,40.6938754,NY,"Tipsy, 584 Myrtle Avenue, New York, NY 11205, United States of America",Tipsy,"584 Myrtle Avenue, New York, NY 11205, United States of America","['commercial', 'commercial.food_and_drink', 'commercial.food_and_drink.drinks']","['details', 'details.contact']","{'sourcename': 'openstreetmap', 'attribution': '© OpenStreetMap contributors', 'license': 'Open Database License', 'url': 'https://www.openstreetmap.org/copyright', 'raw': {'name': 'Tipsy', 'shop': 'alcohol', 'phone': '+1-347-599-1672', 'osm_id': 9583789838, 'website': 'https://shoptipsy.com', 'osm_type': 'n', 'drink:wine': 'yes', 'addr:street': 'Myrtle Avenue', 'drink:liquor': 'yes', 'addr:postcode': 11205, 'opening_hours': 'Mo-Th 15:00-21:00; Fr-Sa 12:00-22:00; Su 12:00-21:00', 'addr:housenumber': 584}}",https://shoptipsy.com,{'phone': '+1-347-599-1672'},,11.0,5133ea10ee847d52c059e003bce8d0584440f00103f9010e073d3b020000009203055469707379,-73.9612384,40.693875400356546,Mo-Th 15:00-21:00; Fr-Sa 12:00-22:00; Su 12:00-21:00,,{'type': 'alcohol'},,,,,,
Treatments,PC8488952,7,584,Myrtle Avenue,584 Myrtle Avenue,11205.0,40.693974625602,-73.961259324748,Bait applied,2026-03-02T13:36:26.000,Clinton Hill,Moot Bar,United States,us,New York,Kings County,New York,11205,,Brooklyn,Myrtle Avenue,579,US-NY,-73.960971,40.6941319,NY,"Moot Bar, 579 Myrtle Avenue, New York, NY 11205, United States of America",Moot Bar,"579 Myrtle Avenue, New York, NY 11205, United States of America","['catering', 'catering.bar']","['details', 'details.catering', 'details.contact', 'details.facilities']","{'sourcename': 'openstreetmap', 'attribution': '© OpenStreetMap contributors', 'license': 'Open Database License', 'url': 'https://www.openstreetmap.org/copyright', 'raw': {'name': 'Moot Bar', 'phone': '+1-718-638-3982', 'osm_id': 5772062970, 'amenity': 'bar', 'smoking': 'no', 'website': 'https://www.mootbar.com', 'osm_type': 'n', 'addr:city': 'Brooklyn', 'addr:state': 'NY', 'addr:street': 'Myrtle Avenue', 'addr:postcode': 11205, 'opening_hours': 'Mo-Th 15:00-02:00; Fr-Sa 15:00-04:00; Su 15:00-02:00', 'outdoor_seating': 'sidewalk', 'addr:housenumber': 579}}",https://www.mootbar.com,{'phone': '+1-718-638-3982'},,30.0,51e259828c807d52c05928926950d9584440f00103f901fab00a58010000009203084d6f6f7420426172,-73.960971,40.69413190035658,Mo-Th 15:00-02:00; Fr-Sa 15:00-04:00; Su 15:00-02:00,,,"{'smoking': False, 'outdoor_seating': True}",,,,,
Treatments,PC8488952,7,584,Myrtle Avenue,584 Myrtle Avenue,11205.0,40.693974625602,-73.961259324748,Bait applied,2026-03-02T13:36:26.000,Clinton Hill,Nathan's,United States,us,New York,Kings County,New York,11205,,Brooklyn,Myrtle Avenue,569,US-NY,-73.9615527,40.6941544,NY,"Nathan's, 569 Myrtle Avenue, New York, NY 11205, United States of America",Nathan's,"569 Myrtle Avenue, New York, NY 11205, United States of America","['catering', 'catering.fast_food', 'catering.fast_food.hot_dog']","['details', 'details.catering', 'details.facilities']","{'sourcename': 'openstreetmap', 'attribution': '© OpenStreetMap contributors', 'license': 'Open Database License', 'url': 'https://www.openstreetmap.org/copyright', 'raw': {'name': ""Nathan's"", 'brand': ""Nathan's"", 'osm_id': 7173294497, 'amenity': 'fast_food', 'cuisine': 'hot_dog', 'osm_type': 'n', 'takeaway': 'yes', 'ice_cream': 'yes', 'drink:coffee': 'yes', 'brand:wikidata': 'Q1319505'}}",,,{'cuisine': 'hot_dog'},32.0,515af855148a7d52c059f8f3270dda584440f00103f901a1c98fab010000009203084e617468616e2773,-73.9615527,40.69415440035658,,,,{'takeaway': True},Nathan's,{'wikidata': 'Q1319505'},,,
Treatments,PC8488952,7,584,Myrtle Avenue,584 Myrtle Avenue,11205.0,40.693974625602,-73.961259324748,Bait applied,2026-03-02T13:36:26.000,Clinton Hill,The Emerson,United States,us,New York,Kings County,New York,11205,,Brooklyn,Myrtle Avenue,561,US-NY,-73.9618019,40.6940535,NY,"The Emerson, 561 Myrtle Avenue, New York, NY 11205, United States of America",The Emerson,"561 Myrtle Avenue, New York, NY 11205, United States of America","['catering', 'catering.bar']","['details.catering', 'details.facilities']","{'sourcename': 'openstreetmap', 'attribution': '© OpenStreetMap contributors', 'license': 'Open Database License', 'url': 'https://www.openstreetmap.org/copyright', 'raw': {'name': 'The Emerson', 'sport': 'billiards', 'osm_id': 9583805198, 'amenity': 'bar', 'osm_type': 'n', 'drink:beer': 'draught', 'outdoor_seating': 'garden;street'}}",,,,47.0,51c26e8e298e7d52c05957dabebed6584440f00103f9010e433d3b0200000092030b54686520456d6572736f6e,-73.96180189999998,40.69405350035657,,,,{'outdoor_seating': True},,,,,
Treatments,PC8488952,7,584,Myrtle Avenue,584 Myrtle Avenue,11205.0,40.693974625602,-73.961259324748,Bait applied,2026-03-02T13:36:26.000,Clinton Hill,Kingston Bakery Brooklyn,United States,us,New York,Kings County,New York,11205,,Brooklyn,Myrtle Avenue,585,US-NY,-73.9607348,40.6941607,NY,"Kingston Bakery Brooklyn, 585 Myrtle Avenue, New York, NY 11205, United States of America",Kingston Bakery Brooklyn,"585 Myrtle Avenue, New York, NY 11205, United States of America","['catering', 'catering.fast_food']","['details.catering', 'details.contact']","{'sourcename': 'openstreetmap', 'attribution': '© OpenStreetMap contributors', 'license': 'Open Database License', 'url': 'https://www.openstreetmap.org/copyright', 'raw': {'name': 'Kingston Bakery Brooklyn', 'phone': '+1-347-406-9555', 'osm_id': 9583753112, 'amenity': 'fast_food', 'cuisine': 'jamaican', 'osm_type': 'n'}}",,{'phone': '+1-347-406-9555'},{'cuisine': 'jamaican'},49.0,514388d0ad7c7d52c05998190142da584440f00103f90198773c3b020000009203184b696e6773746f6e2042616b6572792042726f6f6b6c796e,-73.9607348,40.694160700356576,,,,,,,,,
Initial,PC8674284,1,216,Ft Washington Avenue,216 Ft Washington Avenue,10032.0,40.842564909726,-73.942096615289,Failed for Rat Act,2026-03-03T10:19:19.000,Washington Heights (South),Subway,United States,us,New York,New York County,New York,10032,Manhattan Community Board 12,Manhattan,West 169th Street,651,US-NY,-73.9418371,40.8428747,NY,"Subway, 651 West 169th Street, New York, NY 10032, United States of America",Subway,"651 West 169th Street, New York, NY 10032, United States of America","['catering', 'catering.fast_food', 'catering.fast_food.sandwich']","['details', 'details.catering', 'details.facilities']","{'sourcename': 'openstreetmap', 'attribution': '© OpenStreetMap contributors', 'license': 'Open Database License', 'url': 'https://www.openstreetmap.org/copyright', 'raw': {'name': 'Subway', 'brand': 'Subway', 'osm_id': 11963599309, 'amenity': 'fast_food', 'cuisine': 'sandwich', 'osm_type': 'n', 'takeaway': 'yes', 'addr:city': 'New York', 'addr:state': 'NY', 'addr:street': 'West 169th Street', 'addr:postcode': 10032, 'drive_through': 'no', 'opening_hours': '24/7', 'brand:wikidata': 'Q244457', 'addr:housenumber': 651}}",,,{'cuisine': 'sandwich'},41.0,5135aa1d0f477c52c059d45d7451e36b4440f00103f901cd0916c902000000920306537562776179,-73.9418371,40.84287470037421,24/7,,,{'takeaway': True},Subway,{'wikidata': 'Q244457'},Washington Heights,,
Treatments,PC8589278,4,1327,Leland Avenue,1327 Leland Avenue,10472.0,40.833270916468,-73.863763047412,Bait applied,2026-03-04T14:29:15.000,Soundview-Bruckner-Bronx River,Subway,United States,us,New York,Bronx County,New York,10472,,The Bronx,Westchester Avenue,1885,US-NY,-73.8632252,40.8330935,NY,"Subway, 1885 Westchester Avenue, New York, NY 10472, United States of America",Subway,"1885 Westchester Avenue, New York, NY 10472, United States of America","['catering', 'catering.fast_food', 'catering.fast_food.sandwich']","['details', 'details.catering', 'details.contact', 'details.facilities']","{'sourcename': 'openstreetmap', 'attribution': '© OpenStreetMap contributors', 'license': 'Open Database License', 'url': 'https://www.openstreetmap.org/copyright', 'raw': {'name': 'Subway', 'brand': 'Subway', 'phone': '+1 718-684-1975', 'osm_id': 4015185756, 'amenity': 'fast_food', 'cuisine': 'sandwich', 'website': 'https://restaurants.subway.com/united-states/ny/bronx/1885-westchester-ave', 'osm_type': 'n', 'takeaway': 'yes', 'addr:city': 'Bronx', 'addr:state': 'NY', 'addr:street': 'Westchester Avenue', 'addr:postcode': 10472, 'brand:wikidata': 'Q244457', 'addr:housenumber': 1885}}",https://restaurants.subway.com/united-states/ny/bronx/1885-westchester-ave,{'phone': '+1 718-684-1975'},{'cuisine': 'sandwich'},49.0,5150c5e8143f7752c059664ecdcea26a4440f00103f9015cdf52ef00000000920306537562776179,-73.86322519999999,40.83309350037307,,,,{'takeaway': True},Subway,{'wikidata': 'Q244457'},,,
Treatments,PC8569854,4,5123,7 Avenue,5123 7 Avenue,11220.0,40.64170120424,-74.006666097364,Bait applied,2026-03-02T14:16:28.000,Sunset Park (Central),Melonpanna x Libra Cake,United States,us,New York,Kings County,New York,11220,Sunset Park,Brooklyn,7th Avenue,5105,US-NY,-74.0064868,40.6415953,NY,"Melonpanna x Libra Cake, 5105 7th Avenue, New York, NY 11220, United States of America",Melonpanna x Libra Cake,"5105 7th Avenue, New York, NY 11220, United States of America","['building', 'building.commercial', 'commercial', 'commercial.food_and_drink', 'commercial.food_and_drink.bakery']",['details.building'],"{'sourcename': 'openstreetmap', 'attribution': '© OpenStreetMap contributors', 'license': 'Open Database License', 'url': 'https://www.openstreetmap.org/copyright', 'raw': {'name': 'Melonpanna x Libra Cake', 'shop': 'bakery', 'height': 11.2, 'osm_id': 249572507, 'building': 'yes', 'osm_type': 'w', 'addr:street': '7th Avenue', 'addr:postcode': 11220, 'addr:housenumber': 5105}}",,,,11.0,51243c7f476a8052c059f4c20ccb1f524440f00102f9019b2ce00e000000009203174d656c6f6e70616e6e612078204c696272612043616b65,-74.00648677277837,40.64159525035021,,,{'type': 'bakery'},,,,,{'height': 11.2},
Treatments,PC8618396,4,91,North    4 Street,91 North    4 Street,11249.0,40.71733540614,-73.961368345498,Bait applied,2026-03-03T12:29:03.000,Williamsburg,Di Fara,United States,us,New York,Kings County,New York,11249,,Brooklyn,North 3rd Street,103,US-NY,-73.9617981,40.7170794,NY,"Di Fara, 103 North 3rd Street, New York, NY 11249, United States of America",Di Fara,"103 North 3rd Street, New York, NY 11249, United States of America","['catering', 'catering.fast_food', 'catering.fast_food.pizza']","['details.catering', 'details.facilities']","{'sourcename': 'openstreetmap', 'attribution': '© OpenStreetMap contributors', 'license': 'Open Database License', 'url': 'https://www.openstreetmap.org/copyright', 'raw': {'name': 'Di Fara', 'osm_id': 7091113349, 'amenity': 'fast_food', 'cuisine': 'pizza', 'smoking': 'no', 'delivery': 'yes', 'osm_type': 'n', 'drive_through': 'no', 'outdoor_seating': 'no'}}",,,{'cuisine': 'pizza'},46.0,51b6369e198e7d52c059de96fe41c95b4440f00103f90185cda9a60100000092030744692046617261,-73.96179809999998,40.71707940035934,,,,"{'smoking': False, 'outdoor_seating': False, 'delivery': True}",,,Williamsburg,,
Initial,PC8673422,1,43,Herbert Street,43 Herbert Street,11222.0,40.719798312868,-73.943552904644,Rat Activity,2026-03-03T08:39:33.000,East Williamsburg,BQE Wine & Liquors,United States,us,New York,Kings County,New York,11222,,Brooklyn,Meeker Avenue,504,US-NY,-73.9438884,40.7199974,NY,"BQE Wine & Liquors, 504 Meeker Avenue, New York, NY 11222, United States of America",BQE Wine & Liquors,"504 Meeker Avenue, New York, NY 11222, United States of America","['building', 'building.commercial', 'commercial', 'commercial.food_and_drink', 'commercial.food_and_drink.drinks']","['details', 'details.building', 'details.contact']","{'sourcename': 'openstreetmap', 'attribution': '© OpenStreetMap contributors', 'license': 'Open Database License', 'url': 'https://www.openstreetmap.org/copyright', 'raw': {'name': 'BQE Wine & Liquors', 'shop': 'alcohol', 'phone': '+1-718-389-3533', 'height': 7.3, 'osm_id': 279813052, 'website': 'https://www.bqewineandliquors.com/', 'building': 'yes', 'osm_type': 'w', 'addr:city': 'Brooklyn', 'addr:state': 'NY', 'addr:street': 'Meeker Avenue', 'addr:postcode': 11222, 'addr:housenumber': 504}}",https://www.bqewineandliquors.com/,{'phone': '+1-718-389-3533'},,29.0,510c8f07ab687c52c059fddff3df285c4440f00102f901bc9bad10000000009203124251452057696e652026204c6971756f7273,-73.94388843286669,40.719997400359695,,,{'type': 'alcohol'},,,,,{'height': 7.3},
Treatments,PC8578740,4,5119,7 Avenue,5119 7 Avenue,11220.0,40.641717673767,-74.006651685828,Bait applied,2026-03-02T14:16:04.000,Sunset Park (Central),Melonpanna x Libra Cake,United States,us,New York,Kings County,New York,11220,Sunset Park,Brooklyn,7th Avenue,5105,US-NY,-74.0064868,40.6415953,NY,"Melonpanna x Libra Cake, 5105 7th Avenue, New York, NY 11220, United States of America",Melonpanna x Libra Cake,"5105 7th Avenue, New York, NY 11220, United States of America","['building', 'building.commercial', 'commercial', 'commercial.food_and_drink', 'commercial.food_and_drink.bakery']",['details.building'],"{'sourcename': 'openstreetmap', 'attribution': '© OpenStreetMap contributors', 'license': 'Open Database License', 'url': 'https://www.openstreetmap.org/copyright', 'raw': {'name': 'Melonpanna x Libra Cake', 'shop': 'bakery', 'height': 11.2, 'osm_id': 249572507, 'building': 'yes', 'osm_type': 'w', 'addr:street': '7th Avenue', 'addr:postcode': 11220, 'addr:housenumber': 5105}}",,,,11.0,51243c7f476a8052c059f4c20ccb1f524440f00102f9019b2ce00e000000009203174d656c6f6e70616e6e612078204c696272612043616b65,-74.00648677277837,40.64159525035021,,,{'type': 'bakery'},,,,,{'height': 11.2},
Stoppage,PC8659083,1,2455,Grand Avenue,2455 Grand Avenue,10468.0,40.863217351909,-73.902964137929,Stoppage done,2026-03-02T13:37:32.000,University Heights (North)-Fordham,Chopped Cheese & Grill,United States,us,New York,Bronx County,New York,10468,,The Bronx,Grand Avenue,,US-NY,-73.9033421,40.862896,NY,"Chopped Cheese & Grill, Grand Avenue, New York, NY 10468, United States of America",Chopped Cheese & Grill,"Grand Avenue, New York, NY 10468, United States of America","['catering', 'catering.fast_food']",[],"{'sourcename': 'openstreetmap', 'attribution': '© OpenStreetMap contributors', 'license': 'Open Database License', 'url': 'https://www.openstreetmap.org/copyright', 'raw': {'name': 'Chopped Cheese & Grill', 'osm_id': 10109714833, 'amenity': 'fast_food', 'osm_type': 'n'}}",,,,48.0,516626625bd07952c059b4bb4a60736e4440f00103f9019101965a0200000092031643686f70706564204368656573652026204772696c6c,-73.9033421,40.86289600037654,,,,,,,,,
Treatments,PC8628671,4,1993,Amsterdam Avenue,1993 Amsterdam Avenue,10032.0,40.833863679286,-73.94128389732,Bait applied,2026-03-03T11:07:52.000,Washington Heights (South),Blue mountain heights cafe and bar,United States,us,New York,New York County,New York,10032,Manhattan Community Board 12,Manhattan,West 158th Street,499,US-NY,-73.941173,40.8334517,NY,"Blue mountain heights cafe and bar, 499 West 158th Street, New York, NY 10032, United States of America",Blue mountain heights cafe and bar,"499 West 158th Street, New York, NY 10032, United States of America","['catering', 'catering.bar']","['details', 'details.catering']","{'sourcename': 'openstreetmap', 'attribution': '© OpenStreetMap contributors', 'license': 'Open Database License', 'url': 'https://www.openstreetmap.org/copyright', 'raw': {'name': 'Blue mountain heights cafe and bar', 'osm_id': 11010933605, 'amenity': 'bar', 'cuisine': 'american;mexican', 'osm_type': 'n', 'addr:street': 'West 158th Street', 'addr:postcode': 10032, 'opening_hours': 'Mo-Su 08:00-23:00', 'addr:housenumber': 499}}",,,{'cuisine': 'american;mexican'},47.0,5136b8ad2d3c7c52c059f5f2998bae6a4440f00103f90165834d9002000000920322426c7565206d6f756e7461696e2068656967687473206361666520616e6420626172,-73.94117300000002,40.83345170037311,Mo-Su 08:00-23:00,,,,,,Washington Heights,,
Treatments,PC8628671,4,1993,Amsterdam Avenue,1993 Amsterdam Avenue,10032.0,40.833863679286,-73.94128389732,Bait applied,2026-03-03T11:07:52.000,Washington Heights (South),Patagonia Wine & Spirits,United States,us,New York,New York County,New York,10032,Manhattan Community Board 12,Manhattan,Amsterdam Avenue,2001,US-NY,-73.9408222,40.8341213,NY,"Patagonia Wine & Spirits, 2001 Amsterdam Avenue, New York, NY 10032, United States of America",Patagonia Wine & Spirits,"2001 Amsterdam Avenue, New York, NY 10032, United States of America","['commercial', 'commercial.food_and_drink', 'commercial.food_and_drink.drinks']",['details'],"{'sourcename': 'openstreetmap', 'attribution': '© OpenStreetMap contributors', 'license': 'Open Database License', 'url': 'https://www.openstreetmap.org/copyright', 'raw': {'name': 'Patagonia Wine & Spirits', 'shop': 'beverages', 'osm_id': 2603955353, 'website': 'http://patagoniawineandspirits.com/', 'osm_type': 'n', 'addr:city': 'New York', 'addr:state': 'NY', 'addr:street': 'Amsterdam Avenue', 'addr:country': 'US', 'addr:postcode': 10032, 'opening_hours': 'Mo-Sa 10:00-24:00; Su 12:00-21:00', 'addr:housenumber': 2001}}",http://patagoniawineandspirits.com/,,,48.0,517316516e367c52c059fbff9c7cc46a4440f00103f9019934359b0000000092031850617461676f6e69612057696e6520262053706972697473,-73.9408222,40.83412130037319,Mo-Sa 10:00-24:00; Su 12:00-21:00,,{'type': 'beverages'},,,,Washington Heights,,
Treatments,PC8611563,4,315,Berry Street,315 Berry Street,11249.0,40.71292272293,-73.964155641313,Bait applied,2026-03-03T12:29:37.000,Williamsburg,South Port,United States,us,New York,Kings County,New York,11249,,Brooklyn,South 4th Street,91,US-NY,-73.9642787,40.7124975,NY,"South Port, 91 South 4th Street, New York, NY 11249, United States of America",South Port,"91 South 4th Street, New York, NY 11249, United States of America","['catering', 'catering.restaurant']",[],"{'sourcename': 'openstreetmap', 'attribution': '© OpenStreetMap contributors', 'license': 'Open Database License', 'url': 'https://www.openstreetmap.org/copyright', 'raw': {'name': 'South Port', 'osm_id': 1907729890, 'amenity': 'restaurant', 'osm_type': 'n', 'addr:street': 'South 4th Street', 'addr:postcode': 11249, 'addr:housenumber': 91}}",,,,48.0,51ae2e02beb67d52c059e9423b1e335b4440f00103f901e2a5b5710000000092030a536f75746820506f7274,-73.9642787,40.712497500358786,,,,,,,Williamsburg,,
Treatments,PC8576247,3,5411,5 Avenue,5411 5 Avenue,11220.0,40.642729979422,-74.012770278253,Bait applied,2026-03-02T14:14:21.000,Sunset Park (Central),Cafe Con Pan,United States,us,New York,Kings County,New York,11220,Sunset Park,Brooklyn,5th Avenue,5401,US-NY,-74.0126018,40.6427029,NY,"Cafe Con Pan, 5401 5th Avenue, New York, NY 11220, United States of America",Cafe Con Pan,"5401 5th Avenue, New York, NY 11220, United States of America","['catering', 'catering.fast_food', 'commercial', 'commercial.food_and_drink', 'commercial.food_and_drink.bakery']","['details', 'details.catering', 'details.contact', 'details.facilities']","{'sourcename': 'openstreetmap', 'attribution': '© OpenStreetMap contributors', 'license': 'Open Database License', 'url': 'https://www.openstreetmap.org/copyright', 'raw': {'name': 'Cafe Con Pan', 'shop': 'pastry', 'phone': '+1-718-439-0041', 'osm_id': 2561577769, 'amenity': 'fast_food', 'cuisine': 'mexican', 'website': 'http://cafeconpanny.com', 'delivery': 'yes', 'osm_type': 'n', 'takeaway': 'yes', 'addr:street': '5th Avenue', 'drink:coffee': 'yes', 'addr:postcode': 11220, 'drink:espresso': 'yes', 'addr:housenumber': 5401}}",http://cafeconpanny.com,{'phone': '+1-718-439-0041'},{'cuisine': 'mexican'},15.0,51bab7c777ce8052c0594c06b11644524440f00103f9012993ae980000000092030c4361666520436f6e2050616e,-74.0126018,40.64270290035037,,,{'type': 'pastry'},"{'takeaway': True, 'delivery': True}",,,,,
Treatments,PC8576247,3,5411,5 Avenue,5411 5 Avenue,11220.0,40.642729979422,-74.012770278253,Bait applied,2026-03-02T14:14:21.000,Sunset Park (Central),CHF Restaurant,United States,us,New York,Kings County,New York,11220,Sunset Park,Brooklyn,5th Avenue,5411,US-NY,-74.0128043,40.6424991,NY,"CHF Restaurant, 5411 5th Avenue, New York, NY 11220, United States of America",CHF Restaurant,"5411 5th Avenue, New York, NY 11220, United States of America","['catering', 'catering.fast_food']","['details', 'details.catering', 'details.contact', 'details.facilities']","{'sourcename': 'openstreetmap', 'attribution': '© OpenStreetMap contributors', 'license': 'Open Database License', 'url': 'https://www.openstreetmap.org/copyright', 'raw': {'name': 'CHF Restaurant', 'phone': '+1-929-335-5666', 'osm_id': 10245471206, 'amenity': 'fast_food', 'cuisine': 'chinese', 'delivery': 'yes', 'osm_type': 'n', 'takeaway': 'yes', 'opening_hours': 'Mo-Su 10:00-22:30'}}",,{'phone': '+1-929-335-5666'},{'cuisine': 'chinese'},26.0,51e26f20c9d18052c05965db17693d524440f00103f901e67bad620200000092030e4348462052657374617572616e74,-74.0128043,40.642499100350314,Mo-Su 10:00-22:30,,,"{'takeaway': True, 'delivery': True}",,,,,
Treatments,PC8631135,5,2005,Amsterdam Avenue,2005 Amsterdam Avenue,10032.0,40.834319135327,-73.940951027092,Bait applied,2026-03-03T11:07:15.000,Washington Heights (South),Patagonia Wine & Spirits,United States,us,New York,New York County,New York,10032,Manhattan Community Board 12,Manhattan,Amsterdam Avenue,2001,US-NY,-73.9408222,40.8341213,NY,"Patagonia Wine & Spirits, 2001 Amsterdam Avenue, New York, NY 10032, United States of America",Patagonia Wine & Spirits,"2001 Amsterdam Avenue, New York, NY 10032, United States of America","['commercial', 'commercial.food_and_drink', 'commercial.food_and_drink.drinks']",['details'],"{'sourcename': 'openstreetmap', 'attribution': '© OpenStreetMap contributors', 'license': 'Open Database License', 'url': 'https://www.openstreetmap.org/copyright', 'raw': {'name': 'Patagonia Wine & Spirits', 'shop': 'beverages', 'osm_id': 2603955353, 'website': 'http://patagoniawineandspirits.com/', 'osm_type': 'n', 'addr:city': 'New York', 'addr:state': 'NY', 'addr:street': 'Amsterdam Avenue', 'addr:country': 'US', 'addr:postcode': 10032, 'opening_hours': 'Mo-Sa 10:00-24:00; Su 12:00-21:00', 'addr:housenumber': 2001}}",http://patagoniawineandspirits.com/,,,25.0,517316516e367c52c059fbff9c7cc46a4440f00103f9019934359b0000000092031850617461676f6e69612057696e6520262053706972697473,-73.9408222,40.83412130037319,Mo-Sa 10:00-24:00; Su 12:00-21:00,,{'type': 'beverages'},,,,Washington Heights,,
Initial,PC8665123,1,4,Decatur Street,4 Decatur Street,11216.0,40.680352834374,-73.942829289179,Rat Activity,2026-03-03T09:19:21.000,Bedford-Stuyvesant (West),Agosto Thai,United States,us,New York,Kings County,New York,11216,,Brooklyn,Fulton Street,1450,US-NY,-73.9428226,40.6799036,NY,"Agosto Thai, 1450 Fulton Street, New York, NY 11216, United States of America",Agosto Thai,"1450 Fulton Street, New York, NY 11216, United States of America","['catering', 'catering.restaurant', 'catering.restaurant.thai']",['details.catering'],"{'sourcename': 'openstreetmap', 'attribution': '© OpenStreetMap contributors', 'license': 'Open Database License', 'url': 'https://www.openstreetmap.org/copyright', 'raw': {'name': 'Agosto Thai', 'osm_id': 5221020078, 'amenity': 'restaurant', 'cuisine': 'thai', 'osm_type': 'n', 'addr:city': 'Brooklyn', 'addr:state': 'NY', 'addr:street': 'Fulton Street', 'addr:postcode': 11216, 'addr:housenumber': 1450}}",,,{'cuisine': 'thai'},50.0,51803b9a34577c52c05979fac71407574440f00103f901ae7132370100000092030b41676f73746f2054686169,-73.9428226,40.67990360035487,,,,,,,,,
Initial,PC8653628,1,80,Columbia Street,80 Columbia Street,10002.0,40.717554255099,-73.979968038151,Failed for Rat Act,2026-03-03T10:27:28.000,Lower East Side,Columbia Pizza,United States,us,New York,New York County,New York,10002,Manhattan Community Board 3,Manhattan,Columbia Street,51,US-NY,-73.9804169,40.7173572,NY,"Columbia Pizza, 51 Columbia Street, New York, NY 10002, United States of America",Columbia Pizza,"51 Columbia Street, New York, NY 10002, United States of America","['catering', 'catering.fast_food', 'catering.fast_food.pizza']","['details', 'details.catering', 'details.contact']","{'sourcename': 'openstreetmap', 'attribution': '© OpenStreetMap contributors', 'license': 'Open Database License', 'url': 'https://www.openstreetmap.org/copyright', 'raw': {'name': 'Columbia Pizza', 'phone': '+1 212-228-9488', 'osm_id': 2705025330, 'amenity': 'fast_food', 'cuisine': 'pizza', 'website': 'http://columbiapizzanyccolumbiast.com/', 'alt_name': 'Makavely Pizza', 'osm_type': 'n', 'addr:city': 'New York', 'addr:state': 'NY', 'addr:street': 'Columbia Street', 'addr:postcode': 10002, 'addr:housenumber': 51, 'opening_hours:signed': 'no'}}",http://columbiapizzanyccolumbiast.com/,{'phone': '+1 212-228-9488'},{'cuisine': 'pizza'},44.0,51867c8626bf7e52c059fc8b595cd25b4440f00103f90132693ba10000000092030e436f6c756d6269612050697a7a61,-73.9804169,40.71735720035937,,,,,,,,,{'alt_name': 'Makavely Pizza'}
Initial,PC8653628,1,80,Columbia Street,80 Columbia Street,10002.0,40.717554255099,-73.979968038151,Failed for Rat Act,2026-03-03T10:27:28.000,Lower East Side,49 Columbia Newsstand & Luncheonette,United States,us,New York,New York County,New York,10002,Manhattan Community Board 3,Manhattan,Columbia Street,49,US-NY,-73.9804441,40.7173047,NY,"49 Columbia Newsstand & Luncheonette, 49 Columbia Street, New York, NY 10002, United States of America",49 Columbia Newsstand & Luncheonette,"49 Columbia Street, New York, NY 10002, United States of America","['catering', 'catering.fast_food']",[],"{'sourcename': 'openstreetmap', 'attribution': '© OpenStreetMap contributors', 'license': 'Open Database License', 'url': 'https://www.openstreetmap.org/copyright', 'raw': {'name': '49 Columbia Newsstand & Luncheonette', 'osm_id': 9904363429, 'amenity': 'fast_food', 'osm_type': 'n', 'addr:street': 'Columbia Street', 'addr:postcode': 10002, 'addr:housenumber': 49}}",,,,49.0,5197439c98bf7e52c059c2a7f2a3d05b4440f00103f901a597584e02000000920324343920436f6c756d626961204e6577737374616e642026204c756e6368656f6e65747465,-73.98044409999999,40.71730470035938,,,,,,,,,
Initial,PC8665945,1,190,Wilson Avenue,190 Wilson Avenue,11237.0,40.69933530506,-73.923352684565,Failed for Rat Act,2026-03-04T06:56:33.000,Bushwick (West),Happy Garden,United States,us,New York,Kings County,New York,11207,,Brooklyn,Wilson Avenue,188,US-NY,-73.9235107,40.6993032,NY,"Happy Garden, 188 Wilson Avenue, New York, NY 11207, United States of America",Happy Garden,"188 Wilson Avenue, New York, NY 11207, United States of America","['catering', 'catering.fast_food']","['details', 'details.catering', 'details.contact', 'details.facilities']","{'sourcename': 'openstreetmap', 'attribution': '© OpenStreetMap contributors', 'license': 'Open Database License', 'url': 'https://www.openstreetmap.org/copyright', 'raw': {'name': 'Happy Garden', 'phone': '+1-718-602-3800', 'osm_id': 6127475459, 'amenity': 'fast_food', 'cuisine': 'chinese', 'delivery': 'yes', 'osm_type': 'n', 'takeaway': 'yes', 'addr:street': 'Wilson Avenue', 'opening_hours': 'Mo-Th 11:00-22:30, Fr-Sa 11:00-23:30, Su 12:00-22:30', 'addr:housenumber': 188}}",,{'phone': '+1-718-602-3800'},{'cuisine': 'chinese'},14.0,5162809fcc1a7b52c059dcc26bc482594440f00103f90103db396d0100000092030c48617070792047617264656e,-73.92351069999998,40.69930320035721,"Mo-Th 11:00-22:30, Fr-Sa 11:00-23:30, Su 12:00-22:30",,,"{'takeaway': True, 'delivery': True}",,,Bushwick,,
Initial,PC8665945,1,190,Wilson Avenue,190 Wilson Avenue,11237.0,40.69933530506,-73.923352684565,Failed for Rat Act,2026-03-04T06:56:33.000,Bushwick (West),El Castillo,United States,us,New York,Kings County,New York,11207,,Brooklyn,Wilson Avenue,189,US-NY,-73.9232481,40.6994511,NY,"El Castillo, 189 Wilson Avenue, New York, NY 11207, United States of America",El Castillo,"189 Wilson Avenue, New York, NY 11207, United States of America","['catering', 'catering.restaurant', 'catering.restaurant.mexican', 'wheelchair', 'wheelchair.yes']","['details', 'details.catering', 'details.contact', 'details.facilities']","{'sourcename': 'openstreetmap', 'attribution': '© OpenStreetMap contributors', 'license': 'Open Database License', 'url': 'https://www.openstreetmap.org/copyright', 'raw': {'name': 'El Castillo', 'phone': '+1-917-460-0271', 'osm_id': 6127475861, 'amenity': 'restaurant', 'cuisine': 'mexican', 'delivery': 'yes', 'osm_type': 'n', 'takeaway': 'yes', 'wheelchair': 'yes', 'addr:street': 'Wilson Avenue', 'drink:coffee': 'yes', 'opening_hours': 'Mo-Su 08:00-01:00', 'addr:housenumber': 189}}",,{'phone': '+1-917-460-0271'},{'cuisine': 'mexican'},16.0,5105e6327f167b52c059bd97189d87594440f00103f90195dc396d0100000092030b456c2043617374696c6c6f,-73.92324809999998,40.699451100357216,Mo-Su 08:00-01:00,,,"{'wheelchair': True, 'takeaway': True, 'delivery': True}",,,Bushwick,,
Initial,PC8665945,1,190,Wilson Avenue,190 Wilson Avenue,11237.0,40.69933530506,-73.923352684565,Failed for Rat Act,2026-03-04T06:56:33.000,Bushwick (West),Itzel's Taqueria Deli,United States,us,New York,Kings County,New York,11207,,Brooklyn,Wilson Avenue,191,US-NY,-73.9231815,40.6994105,NY,"Itzel's Taqueria Deli, 191 Wilson Avenue, New York, NY 11207, United States of America",Itzel's Taqueria Deli,"191 Wilson Avenue, New York, NY 11207, United States of America","['catering', 'catering.restaurant']","['details', 'details.catering', 'details.contact']","{'sourcename': 'openstreetmap', 'attribution': '© OpenStreetMap contributors', 'license': 'Open Database License', 'url': 'https://www.openstreetmap.org/copyright', 'raw': {'name': ""Itzel's Taqueria Deli"", 'phone': '+1-718-417-1015', 'osm_id': 6127475460, 'amenity': 'restaurant', 'cuisine': 'mexican;tacos;burrito;quesadilla', 'website': 'http://orderitzelstaqueriadeli.com/', 'osm_type': 'n', 'addr:street': 'Wilson Avenue', 'opening_hours': 'Mo-Su 10:00-04:00', 'addr:housenumber': 191}}",http://orderitzelstaqueriadeli.com/,{'phone': '+1-718-417-1015'},{'cuisine': 'mexican;tacos;burrito;quesadilla'},17.0,516cb1db67157b52c059b1c1844886594440f00103f90104db396d0100000092031549747a656c27732054617175657269612044656c69,-73.9231815,40.69941050035721,Mo-Su 10:00-04:00,,,,,,Bushwick,,
Initial,PC8665945,1,190,Wilson Avenue,190 Wilson Avenue,11237.0,40.69933530506,-73.923352684565,Failed for Rat Act,2026-03-04T06:56:33.000,Bushwick (West),D & W Liquor,United States,us,New York,Kings County,New York,11207,,Brooklyn,Wilson Avenue,180,US-NY,-73.9238142,40.6994706,NY,"D & W Liquor, 180 Wilson Avenue, New York, NY 11207, United States of America",D & W Liquor,"180 Wilson Avenue, New York, NY 11207, United States of America","['commercial', 'commercial.food_and_drink', 'commercial.food_and_drink.drinks']","['details', 'details.contact']","{'sourcename': 'openstreetmap', 'attribution': '© OpenStreetMap contributors', 'license': 'Open Database License', 'url': 'https://www.openstreetmap.org/copyright', 'raw': {'name': 'D & W Liquor', 'shop': 'alcohol', 'phone': '+1-718-453-0440', 'osm_id': 6127475539, 'osm_type': 'n', 'addr:street': 'Wilson Avenue', 'opening_hours': 'Mo-Sa 09:30-12:00; Su 12:00-21:00', 'addr:housenumber': 180}}",,{'phone': '+1-718-453-0440'},,42.0,51252598c51f7b52c0591d86ac4088594440f00103f90153db396d0100000092030c4420262057204c6971756f72,-73.9238142,40.69947060035722,Mo-Sa 09:30-12:00; Su 12:00-21:00,,{'type': 'alcohol'},,,,Bushwick,,
Initial,PC8665945,1,190,Wilson Avenue,190 Wilson Avenue,11237.0,40.69933530506,-73.923352684565,Failed for Rat Act,2026-03-04T06:56:33.000,Bushwick (West),Mi Cholita Bella,United States,us,New York,Kings County,New York,11221,,Brooklyn,DeKalb Avenue,1386,US-NY,-73.9239056,40.6993818,NY,"Mi Cholita Bella, 1386 DeKalb Avenue, New York, NY 11221, United States of America",Mi Cholita Bella,"1386 DeKalb Avenue, New York, NY 11221, United States of America","['catering', 'catering.restaurant', 'catering.restaurant.mexican']","['details', 'details.catering', 'details.contact', 'details.facilities']","{'sourcename': 'openstreetmap', 'attribution': '© OpenStreetMap contributors', 'license': 'Open Database License', 'url': 'https://www.openstreetmap.org/copyright', 'raw': {'name': 'Mi Cholita Bella', 'phone': '+1-717-684-6833', 'osm_id': 2565029491, 'amenity': 'restaurant', 'cuisine': 'mexican', 'toilets': 'yes', 'delivery': 'yes', 'osm_type': 'n', 'takeaway': 'yes', 'addr:street': 'DeKalb Avenue', 'drink:coffee': 'yes', 'addr:postcode': 11221, 'opening_hours': 'Mo-Su 10:00-22:30', 'toilets:access': 'customers', 'addr:housenumber': 1386}}",,{'phone': '+1-717-684-6833'},{'cuisine': 'mexican'},47.0,51d625f444217b52c059d3f9c35785594440f00103f901733ee398000000009203104d692043686f6c6974612042656c6c61,-73.92390559999998,40.699381800357195,Mo-Su 10:00-22:30,,,"{'toilets': True, 'takeaway': True, 'delivery': True}",,,Bushwick,,
Treatments,PC8631139,5,2011,Amsterdam Avenue,2011 Amsterdam Avenue,10032.0,40.834505706813,-73.940813537265,Bait applied,2026-03-03T11:06:41.000,Washington Heights (South),Patagonia Wine & Spirits,United States,us,New York,New York County,New York,10032,Manhattan Community Board 12,Manhattan,Amsterdam Avenue,2001,US-NY,-73.9408222,40.8341213,NY,"Patagonia Wine & Spirits, 2001 Amsterdam Avenue, New York, NY 10032, United States of America",Patagonia Wine & Spirits,"2001 Amsterdam Avenue, New York, NY 10032, United States of America","['commercial', 'commercial.food_and_drink', 'commercial.food_and_drink.drinks']",['details'],"{'sourcename': 'openstreetmap', 'attribution': '© OpenStreetMap contributors', 'license': 'Open Database License', 'url': 'https://www.openstreetmap.org/copyright', 'raw': {'name': 'Patagonia Wine & Spirits', 'shop': 'beverages', 'osm_id': 2603955353, 'website': 'http://patagoniawineandspirits.com/', 'osm_type': 'n', 'addr:city': 'New York', 'addr:state': 'NY', 'addr:street': 'Amsterdam Avenue', 'addr:country': 'US', 'addr:postcode': 10032, 'opening_hours': 'Mo-Sa 10:00-24:00; Su 12:00-21:00', 'addr:housenumber': 2001}}",http://patagoniawineandspirits.com/,,,43.0,517316516e367c52c059fbff9c7cc46a4440f00103f9019934359b0000000092031850617461676f6e69612057696e6520262053706972697473,-73.9408222,40.83412130037319,Mo-Sa 10:00-24:00; Su 12:00-21:00,,{'type': 'beverages'},,,,Washington Heights,,
Treatments,PC8568674,4,406,57 Street,406 57 Street,11220.0,40.642243722928,-74.016175327268,Bait applied,2026-03-02T14:13:09.000,Sunset Park (West),Amiga De China Supermarket,United States,us,New York,Kings County,New York,11220,Sunset Park,Brooklyn,4th Avenue,5707,US-NY,-74.0166589,40.6422313,NY,"Amiga De China Supermarket, 5707 4th Avenue, New York, NY 11220, United States of America",Amiga De China Supermarket,"5707 4th Avenue, New York, NY 11220, United States of America","['commercial', 'commercial.food_and_drink', 'commercial.food_and_drink.fruit_and_vegetable']","['details', 'details.contact']","{'sourcename': 'openstreetmap', 'attribution': '© OpenStreetMap contributors', 'license': 'Open Database License', 'url': 'https://www.openstreetmap.org/copyright', 'raw': {'name': 'Amiga De China Supermarket', 'shop': 'greengrocer', 'phone': '+1-929-397-0123', 'osm_id': 9431945819, 'osm_type': 'n', 'opening_hours': 'Mo-Su 08:00-23:00'}}",,{'phone': '+1-929-397-0123'},,41.0,51fcab7df0108152c0596bbc9fa234524440f00103f9015b1230320200000092031a416d696761204465204368696e612053757065726d61726b6574,-74.01665889999998,40.64223130035028,Mo-Su 08:00-23:00,,{'type': 'greengrocer'},,,,,,
Initial,PC8666642,1,188,Wilson Avenue,188 Wilson Avenue,11237.0,40.699379269586,-73.923424762359,Rat Activity,2026-03-04T06:59:18.000,Bushwick (West),Happy Garden,United States,us,New York,Kings County,New York,11207,,Brooklyn,Wilson Avenue,188,US-NY,-73.9235107,40.6993032,NY,"Happy Garden, 188 Wilson Avenue, New York, NY 11207, United States of America",Happy Garden,"188 Wilson Avenue, New York, NY 11207, United States of America","['catering', 'catering.fast_food']","['details', 'details.catering', 'details.contact', 'details.facilities']","{'sourcename': 'openstreetmap', 'attribution': '© OpenStreetMap contributors', 'license': 'Open Database License', 'url': 'https://www.openstreetmap.org/copyright', 'raw': {'name': 'Happy Garden', 'phone': '+1-718-602-3800', 'osm_id': 6127475459, 'amenity': 'fast_food', 'cuisine': 'chinese', 'delivery': 'yes', 'osm_type': 'n', 'takeaway': 'yes', 'addr:street': 'Wilson Avenue', 'opening_hours': 'Mo-Th 11:00-22:30, Fr-Sa 11:00-23:30, Su 12:00-22:30', 'addr:housenumber': 188}}",,{'phone': '+1-718-602-3800'},{'cuisine': 'chinese'},11.0,5162809fcc1a7b52c059dcc26bc482594440f00103f90103db396d0100000092030c48617070792047617264656e,-73.92351069999998,40.69930320035721,"Mo-Th 11:00-22:30, Fr-Sa 11:00-23:30, Su 12:00-22:30",,,"{'takeaway': True, 'delivery': True}",,,Bushwick,,
Initial,PC8666642,1,188,Wilson Avenue,188 Wilson Avenue,11237.0,40.699379269586,-73.923424762359,Rat Activity,2026-03-04T06:59:18.000,Bushwick (West),El Castillo,United States,us,New York,Kings County,New York,11207,,Brooklyn,Wilson Avenue,189,US-NY,-73.9232481,40.6994511,NY,"El Castillo, 189 Wilson Avenue, New York, NY 11207, United States of America",El Castillo,"189 Wilson Avenue, New York, NY 11207, United States of America","['catering', 'catering.restaurant', 'catering.restaurant.mexican', 'wheelchair', 'wheelchair.yes']","['details', 'details.catering', 'details.contact', 'details.facilities']","{'sourcename': 'openstreetmap', 'attribution': '© OpenStreetMap contributors', 'license': 'Open Database License', 'url': 'https://www.openstreetmap.org/copyright', 'raw': {'name': 'El Castillo', 'phone': '+1-917-460-0271', 'osm_id': 6127475861, 'amenity': 'restaurant', 'cuisine': 'mexican', 'delivery': 'yes', 'osm_type': 'n', 'takeaway': 'yes', 'wheelchair': 'yes', 'addr:street': 'Wilson Avenue', 'drink:coffee': 'yes', 'opening_hours': 'Mo-Su 08:00-01:00', 'addr:housenumber': 189}}",,{'phone': '+1-917-460-0271'},{'cuisine': 'mexican'},17.0,5105e6327f167b52c059bd97189d87594440f00103f90195dc396d0100000092030b456c2043617374696c6c6f,-73.92324809999998,40.699451100357216,Mo-Su 08:00-01:00,,,"{'wheelchair': True, 'takeaway': True, 'delivery': True}",,,Bushwick,,
Initial,PC8666642,1,188,Wilson Avenue,188 Wilson Avenue,11237.0,40.699379269586,-73.923424762359,Rat Activity,2026-03-04T06:59:18.000,Bushwick (West),Itzel's Taqueria Deli,United States,us,New York,Kings County,New York,11207,,Brooklyn,Wilson Avenue,191,US-NY,-73.9231815,40.6994105,NY,"Itzel's Taqueria Deli, 191 Wilson Avenue, New York, NY 11207, United States of America",Itzel's Taqueria Deli,"191 Wilson Avenue, New York, NY 11207, United States of America","['catering', 'catering.restaurant']","['details', 'details.catering', 'details.contact']","{'sourcename': 'openstreetmap', 'attribution': '© OpenStreetMap contributors', 'license': 'Open Database License', 'url': 'https://www.openstreetmap.org/copyright', 'raw': {'name': ""Itzel's Taqueria Deli"", 'phone': '+1-718-417-1015', 'osm_id': 6127475460, 'amenity': 'restaurant', 'cuisine': 'mexican;tacos;burrito;quesadilla', 'website': 'http://orderitzelstaqueriadeli.com/', 'osm_type': 'n', 'addr:street': 'Wilson Avenue', 'opening_hours': 'Mo-Su 10:00-04:00', 'addr:housenumber': 191}}",http://orderitzelstaqueriadeli.com/,{'phone': '+1-718-417-1015'},{'cuisine': 'mexican;tacos;burrito;quesadilla'},21.0,516cb1db67157b52c059b1c1844886594440f00103f90104db396d0100000092031549747a656c27732054617175657269612044656c69,-73.9231815,40.69941050035721,Mo-Su 10:00-04:00,,,,,,Bushwick,,
Initial,PC8666642,1,188,Wilson Avenue,188 Wilson Avenue,11237.0,40.699379269586,-73.923424762359,Rat Activity,2026-03-04T06:59:18.000,Bushwick (West),D & W Liquor,United States,us,New York,Kings County,New York,11207,,Brooklyn,Wilson Avenue,180,US-NY,-73.9238142,40.6994706,NY,"D & W Liquor, 180 Wilson Avenue, New York, NY 11207, United States of America",D & W Liquor,"180 Wilson Avenue, New York, NY 11207, United States of America","['commercial', 'commercial.food_and_drink', 'commercial.food_and_drink.drinks']","['details', 'details.contact']","{'sourcename': 'openstreetmap', 'attribution': '© OpenStreetMap contributors', 'license': 'Open Database License', 'url': 'https://www.openstreetmap.org/copyright', 'raw': {'name': 'D & W Liquor', 'shop': 'alcohol', 'phone': '+1-718-453-0440', 'osm_id': 6127475539, 'osm_type': 'n', 'addr:street': 'Wilson Avenue', 'opening_hours': 'Mo-Sa 09:30-12:00; Su 12:00-21:00', 'addr:housenumber': 180}}",,{'phone': '+1-718-453-0440'},,34.0,51252598c51f7b52c0591d86ac4088594440f00103f90153db396d0100000092030c4420262057204c6971756f72,-73.9238142,40.69947060035722,Mo-Sa 09:30-12:00; Su 12:00-21:00,,{'type': 'alcohol'},,,,Bushwick,,
Initial,PC8666642,1,188,Wilson Avenue,188 Wilson Avenue,11237.0,40.699379269586,-73.923424762359,Rat Activity,2026-03-04T06:59:18.000,Bushwick (West),Mi Cholita Bella,United States,us,New York,Kings County,New York,11221,,Brooklyn,DeKalb Avenue,1386,US-NY,-73.9239056,40.6993818,NY,"Mi Cholita Bella, 1386 DeKalb Avenue, New York, NY 11221, United States of America",Mi Cholita Bella,"1386 DeKalb Avenue, New York, NY 11221, United States of America","['catering', 'catering.restaurant', 'catering.restaurant.mexican']","['details', 'details.catering', 'details.contact', 'details.facilities']","{'sourcename': 'openstreetmap', 'attribution': '© OpenStreetMap contributors', 'license': 'Open Database License', 'url': 'https://www.openstreetmap.org/copyright', 'raw': {'name': 'Mi Cholita Bella', 'phone': '+1-717-684-6833', 'osm_id': 2565029491, 'amenity': 'restaurant', 'cuisine': 'mexican', 'toilets': 'yes', 'delivery': 'yes', 'osm_type': 'n', 'takeaway': 'yes', 'addr:street': 'DeKalb Avenue', 'drink:coffee': 'yes', 'addr:postcode': 11221, 'opening_hours': 'Mo-Su 10:00-22:30', 'toilets:access': 'customers', 'addr:housenumber': 1386}}",,{'phone': '+1-717-684-6833'},{'cuisine': 'mexican'},41.0,51d625f444217b52c059d3f9c35785594440f00103f901733ee398000000009203104d692043686f6c6974612042656c6c61,-73.92390559999998,40.699381800357195,Mo-Su 10:00-22:30,,,"{'toilets': True, 'takeaway': True, 'delivery': True}",,,Bushwick,,
