rating,latitude,longitude,restaurant_name,address,inspection_type,inspection_date,result
3.6,40.727425,-73.989948,D:ICE,"223 E 5th St, New York, NY 10003, USA",Compliance,2026-03-02 08:00:00,Rat Activity
3.6,40.727425,-73.989948,D:ICE,"223 E 5th St, New York, NY 10003, USA",Compliance,2026-03-02 08:00:00,Rat Activity
,40.727519,-73.98275,BABA DONER,"147 Avenue A, New York, NY 10009, USA",Compliance,2026-03-02 08:33:48,Rat Activity
,40.727519,-73.98275,BABA DONER,"147 Avenue A, New York, NY 10009, USA",Compliance,2026-03-02 08:33:48,Rat Activity
,40.727519,-73.98275,BABA DONER,"147 Avenue A, New York, NY 10009, USA",Compliance,2026-03-02 08:33:48,Rat Activity
4.0,40.694158,-73.961329,Nathan's Famous,"569 Myrtle Ave, Brooklyn, NY 11205, USA",Treatments,2026-03-02 08:49:20,Bait applied
,40.641712,-74.006867,Le Tian Restaurant Inc.,"5110 7th Ave, Brooklyn, NY 11220, USA",Treatments,2026-03-02 09:24:00,Bait applied
,40.641712,-74.006867,Le Tian Restaurant Inc.,"5110 7th Ave, Brooklyn, NY 11220, USA",Treatments,2026-03-02 09:24:00,Bait applied
,40.641712,-74.006867,Le Tian Restaurant Inc.,"5110 7th Ave, Brooklyn, NY 11220, USA",Treatments,2026-03-02 09:38:00,Bait applied
,40.641712,-74.006867,Le Tian Restaurant Inc.,"5110 7th Ave, Brooklyn, NY 11220, USA",Treatments,2026-03-02 09:38:00,Bait applied
3.7,40.833923,-73.941007,Dunkin',"1995 Amsterdam Ave, New York, NY 10032, USA",Treatments,2026-03-02 09:40:00,Bait applied
,40.685919,-73.929484,Sa Imong,"209 Malcolm X Blvd Apt 2R, Brooklyn, NY 11221, USA",Initial,2026-03-02 09:48:00,Rat Activity
4.0,40.860547,-73.895017,China City,"308 E 188th St, Bronx, NY 10458, USA",Stoppage,2026-03-02 09:55:00,Stoppage done
3.5,40.834298,-73.941248,Tortilleria & Rosticeria El Guerrerence,"2002 Amsterdam Ave, New York, NY 10032, USA",Treatments,2026-03-02 09:55:54,Bait applied
4.9,40.686211,-73.929486,Flat Out Burger,"199 Malcolm X Blvd, Brooklyn, NY 11221, USA",Initial,2026-03-02 09:57:00,Rat Activity
4.0,40.699287,-73.923511,Happy Garden,"188 Wilson Ave, Brooklyn, NY 11237, USA",Initial,2026-03-02 10:14:30,Failed for Rat Act
4.0,40.699287,-73.923511,Happy Garden,"188 Wilson Ave, Brooklyn, NY 11237, USA",Initial,2026-03-02 10:24:32,Rat Activity
3.7,40.819395,-73.916429,Empanadas Monumental,"681 Melrose Ave, Bronx, NY 10455, USA",Stoppage,2026-03-02 10:26:00,Stoppage done
4.0,40.699287,-73.923511,Happy Garden,"188 Wilson Ave, Brooklyn, NY 11237, USA",Initial,2026-03-02 10:26:42,Failed for Rat Act
4.0,40.699287,-73.923511,Happy Garden,"188 Wilson Ave, Brooklyn, NY 11237, USA",Initial,2026-03-02 10:35:26,Rat Activity
4.5,40.766576,-73.920303,Nisi Estiatorio,"32-07 30th Ave., Astoria, NY 11102, USA",Treatments,2026-03-02 10:39:50,Bait applied
3.0,40.836909,-73.938871,Yummy Grill,"2089 Amsterdam Ave, New York, NY 10032, USA",Treatments,2026-03-02 10:45:11,Bait applied
3.0,40.836909,-73.938871,Yummy Grill,"2089 Amsterdam Ave, New York, NY 10032, USA",Treatments,2026-03-02 10:45:11,Bait applied
4.9,40.772286,-73.955049,Ed’s Elbow Room,"308 E 78th St, New York, NY 10075, USA",Compliance,2026-03-02 10:56:00,Rat Activity
4.3,40.837491,-73.938912,Santo Entierro Mexican Restaurant,"2102 Amsterdam Ave #2, New York, NY 10032, USA",Treatments,2026-03-02 11:00:13,Bait applied
4.2,40.699311,-73.923972,Mi Bella Cholulita,"1386 Dekalb Ave, Brooklyn, NY 11221, USA",Initial,2026-03-02 11:00:34,Rat Activity
4.1,40.744244,-73.716877,Cheung Khei,"253-24 Union Tpke, Queens, NY 11004, USA",Initial,2026-03-02 11:05:13,Failed for Other R
4.3,40.772299,-73.955236,Anand,"304 E 78th St, New York, NY 10075, USA",Compliance,2026-03-02 11:06:00,Rat Activity
5.0,40.777749,-73.953801,Spoonable Spirits,"214 E 85th St, New York, NY 10028, USA",Initial,2026-03-02 11:11:48,Rat Activity
4.9,40.684182,-73.978728,Supreme pizza NY,"22 4th Ave, Brooklyn, NY 11217, USA",Initial,2026-03-02 11:16:31,Rat Activity
4.4,40.773174,-73.957013,Sushi Spot—78 Street,"226 E 78th St, New York, NY 10075, USA",Compliance,2026-03-02 11:20:00,Rat Activity
4.6,40.698306,-73.924742,Ahehuete-food truck,"1321 Myrtle Ave, Brooklyn, NY 11221, USA",Initial,2026-03-02 11:23:46,Rat Activity
4.4,40.698033,-73.92452,Oodles,"1298 Myrtle Ave, Brooklyn, NY 11221, USA",Initial,2026-03-02 11:24:08,Rat Activity
4.1,40.70355,-73.942894,Mothers Seafood & More,"59 Graham Ave, Brooklyn, NY 11206, USA",Treatments,2026-03-02 11:29:39,Bait applied
4.3,40.799729,-73.967854,Ben & Jerry's,"2722 Broadway, New York, NY 10025, USA",Initial,2026-03-02 11:30:30,Rat Activity
2.4,40.787002,-73.975815,New Green Leaf Deli,"518 Amsterdam Ave, New York, NY 10024, USA",Treatments,2026-03-02 11:30:36,Bait applied
4.8,40.774182,-73.95323,Panineria UES,"322 E 81st St, New York, NY 10028, USA",Initial,2026-03-02 11:31:08,Rat Activity
4.2,40.805167,-73.966312,The Heights Bar & Grill,"2867 Broadway, New York, NY 10025, USA",Initial,2026-03-02 11:35:00,Rat Activity
4.8,40.839394,-73.914753,Taqueria Muñoz,"155 E 170th St, Bronx, NY 10452, USA",Compliance,2026-03-02 11:38:00,Rat Activity
4.9,40.838255,-73.93788,Niccolo Pizzeria,"2127 Amsterdam Ave, New York, NY 10032, USA",Treatments,2026-03-02 11:40:13,Bait applied
4.6,40.707802,-73.940338,Stella Di Sicilia Bakery,"217 Montrose Ave, Brooklyn, NY 11206, USA",Initial,2026-03-02 11:41:00,Rat Activity
4.5,40.789873,-73.948342,Frenchy Coffee NYC,"129E E 102nd St, New York, NY 10029, USA",Initial,2026-03-02 11:42:51,Failed for Rat Act
4.7,40.843591,-73.836055,Da Franco & Tony Ristorante,"2815 Middletown Rd, Bronx, NY 10461, USA",Initial,2026-03-02 11:43:47,Failed for Other R
4.4,40.749417,-73.888705,Lakeside NYC,"77-05A 37th Ave, Jackson Heights, NY 11372, USA",Initial,2026-03-02 12:00:00,Failed for Other R
,40.812744,-73.907989,Niyab87,"540 Concord Ave, Bronx, NY 10455, USA",Initial,2026-03-02 12:03:39,Rat Activity
3.0,40.836909,-73.938871,Yummy Grill,"2089 Amsterdam Ave, New York, NY 10032, USA",Treatments,2026-03-02 12:05:36,Bait applied
3.0,40.836909,-73.938871,Yummy Grill,"2089 Amsterdam Ave, New York, NY 10032, USA",Treatments,2026-03-02 12:05:36,Bait applied
4.5,40.839327,-73.9147,Big Cheese Pizza,"157 E 170th St, Bronx, NY 10452, USA",Compliance,2026-03-02 12:12:00,Rat Activity
4.5,40.839327,-73.9147,Big Cheese Pizza,"157 E 170th St, Bronx, NY 10452, USA",Compliance,2026-03-02 12:12:00,Rat Activity
4.1,40.88046,-73.883608,Happy Dragon,"3388 Jerome Ave, Bronx, NY 10467, USA",Treatments,2026-03-02 12:20:55,Bait applied
4.1,40.841586,-73.935892,El Nuevo Taino,"2228 Amsterdam Ave, New York, NY 10032, USA",Treatments,2026-03-02 12:30:52,Bait applied
3.7,40.701963,-73.915946,La Gualacena,"178 Wyckoff Ave, Brooklyn, NY 11237, USA",Compliance,2026-03-02 12:36:07,Rat Activity
5.0,40.843652,-73.934064,Bartolobritura,"174 Amsterdam Ave, New York, NY 10033, USA",Treatments,2026-03-02 12:45:10,Bait applied
,40.76237,-73.959146,WestMunster Ventures LLC,"406 E 64th St, New York, NY 10065, USA",Compliance,2026-03-02 12:51:00,Failed for Rat Act
,40.76237,-73.959146,WestMunster Ventures LLC,"406 E 64th St, New York, NY 10065, USA",Compliance,2026-03-02 12:51:00,Failed for Rat Act
4.2,40.775782,-73.952303,Dulce Vida Latin Bistro,"309 E 83rd St, New York, NY 10028, USA",Initial,2026-03-02 13:00:48,Failed for Rat Act
4.2,40.857159,-73.890909,Fiesta Lounge and Restaurant,"4640 Third Ave, Bronx, NY 10458, USA",Compliance,2026-03-02 13:01:01,Failed for Other R
4.8,40.842095,-73.924665,Guerrero’s Pizzeria,"1381 Ogden Ave, Bronx, NY 10452, USA",Treatments,2026-03-02 13:19:00,Bait applied
4.4,40.853991,-73.887167,Shila Bar & Grill,"629 Crescent Ave, Bronx, NY 10458, USA",Compliance,2026-03-02 13:22:01,Failed for Other R
4.6,40.702615,-73.917189,Ops,"346 Himrod St, Brooklyn, NY 11237, USA",Compliance,2026-03-02 13:25:07,Rat Activity
3.9,40.77472,-73.950597,Le Pain Quotidien,"1592 1st Ave, New York, NY 10028, USA",Initial,2026-03-02 13:25:48,Failed for Other R
2.7,40.644934,-74.010205,TACOS EL SABOR DE MI TIERRA,"sunset park, 50 y 51st5 Ave, Brooklyn, NY 11220, USA",Treatments,2026-03-02 13:34:00,Bait applied
4.5,40.683893,-73.929437,Trad Room,"266 Malcolm X Blvd, Brooklyn, NY 11233, USA",Compliance,2026-03-02 13:40:00,Rat Activity
5.0,40.68117,-73.928091,Upstairs at Eric's,"218 Bainbridge St., Brooklyn, NY 11233, USA",Compliance,2026-03-02 14:25:00,Rat Activity
4.4,40.8252,-73.916583,Katelyn Food Center,"3201 Park Ave, Bronx, NY 10451, USA",Compliance,2026-03-02 14:28:47,Rat Activity
4.7,40.702294,-73.919701,Honore Club,"173 Irving Ave, Brooklyn, NY 11237, USA",Compliance,2026-03-02 14:53:07,Rat Activity
4.1,40.826211,-73.917809,PG Pizza,"904 Morris Ave, Bronx, NY 10451, USA",Compliance,2026-03-02 14:53:47,Failed for Rat Act
3.8,40.862348,-73.893736,Baskin-Robbins,"321 E Kingsbridge Rd, Bronx, NY 10458, USA",Initial,2026-03-03 08:00:00,Failed for Rat Act
3.8,40.862348,-73.893736,Baskin-Robbins,"321 E Kingsbridge Rd, Bronx, NY 10458, USA",Initial,2026-03-03 08:00:00,Failed for Rat Act
4.7,40.645262,-73.970202,Werkstatt,"509 Coney Island Ave, Brooklyn, NY 11218, USA",Initial,2026-03-03 08:29:15,Rat Activity
5.0,40.695467,-73.95365,Bergers To Impress,"114 Sandford St, Brooklyn, NY 11205, USA",Initial,2026-03-03 08:44:24,Failed for Other R
4.1,40.681302,-73.955868,Crown Fried Chicken & Pizza,"1147 Fulton St, Brooklyn, NY 11238, USA",Initial,2026-03-03 08:51:07,Rat Activity
3.6,40.821657,-73.950515,Campus Deli & Grill,"1606 Amsterdam Ave, New York, NY 10031, USA",Compliance,2026-03-03 09:15:34,Failed for Rat Act
5.0,40.695467,-73.95365,Bergers To Impress,"114 Sandford St, Brooklyn, NY 11205, USA",Initial,2026-03-03 09:20:00,Failed for Other R
2.7,40.848826,-73.932855,Caridad,"554 W 181st St, New York, NY 10033, USA",Treatments,2026-03-03 09:22:51,Bait applied
4.1,40.694829,-73.95301,Anaiah,"744 Myrtle Ave, Brooklyn, NY 11205, USA",Initial,2026-03-03 09:26:00,Failed for Other R
4.1,40.694829,-73.95301,Anaiah,"744 Myrtle Ave, Brooklyn, NY 11205, USA",Initial,2026-03-03 09:36:00,Rat Activity
5.0,40.822013,-73.950219,Oasis Jimma Juice Bar,"1620 Amsterdam Ave, New York, NY 10031, USA",Compliance,2026-03-03 09:37:34,Failed for Rat Act
2.7,40.848826,-73.932855,Caridad,"554 W 181st St, New York, NY 10033, USA",Treatments,2026-03-03 09:40:24,Bait applied
4.2,40.703771,-73.941514,La Cocina II,"100 Moore St, Brooklyn, NY 11206, USA",Treatments,2026-03-03 09:52:38,Bait applied
4.1,40.651421,-73.962782,Caton Deli & Luncheonette,"1818 Caton Ave, Brooklyn, NY 11226, USA",Initial,2026-03-03 10:11:30,Failed for Other R
4.6,40.829288,-73.944876,"Uptown Squeeze | Healthy Fresh Juice, Smoothie & Salad in Manhattan, NYC","1844 Amsterdam Ave, New York, NY 10031, USA",Initial,2026-03-03 10:13:05,Rat Activity
2.9,40.652378,-74.006069,Domino's Pizza,"3901 4th Ave, Brooklyn, NY 11232, USA",Treatments,2026-03-03 10:17:00,Bait applied
4.4,40.89095,-73.850206,The Chic Bistro,"938 E 233rd St, Bronx, NY 10466, USA",Initial,2026-03-03 10:30:08,Failed for Other R
3.7,40.650446,-74.004445,Mis Angelitos Bakery,"4003 5th Ave, Brooklyn, NY 11232, USA",Treatments,2026-03-03 10:31:00,Bait applied
4.6,40.80044,-73.966129,Yoyo Chicken Amsterdam Ave,"934 Amsterdam Ave, New York, NY 10025, USA",Compliance,2026-03-03 10:52:57,Failed for Rat Act
4.6,40.80044,-73.966129,Yoyo Chicken Amsterdam Ave,"934 Amsterdam Ave, New York, NY 10025, USA",Compliance,2026-03-03 10:52:57,Failed for Rat Act
4.4,40.805758,-73.954179,PATISSERIE DES AMBASSADES,"2190 Frederick Douglass Blvd, New York, NY 10026, USA",Compliance,2026-03-03 10:58:00,Failed for Rat Act
4.7,40.776723,-73.97973,Solid State Coffee,"104 W 71st St, New York, NY 10023, USA",Treatments,2026-03-03 10:58:11,Bait applied
4.4,40.723988,-73.980179,TOKUYAMATCHA & ONIGIRAZU BAR- E 6th St.,"627 E 6th St, New York, NY 10009, USA",Initial,2026-03-03 11:10:11,Rat Activity
4.1,40.722058,-73.850618,Austin Street Bar & Grill (formerly Rotana Cafe & Grill),"68-60 Austin St Store 3, Forest Hills, NY 11375, USA",Initial,2026-03-03 11:22:12,Failed for Rat Act
4.1,40.722058,-73.850618,Austin Street Bar & Grill (formerly Rotana Cafe & Grill),"68-60 Austin St Store 3, Forest Hills, NY 11375, USA",Initial,2026-03-03 11:22:12,Failed for Rat Act
4.3,40.830498,-73.947187,Amanecer Restaurant And Lounge,"3666 Broadway, New York, NY 10031, USA",Initial,2026-03-03 11:25:05,Rat Activity
4.1,40.777963,-73.979708,Legend 72,"127 W 72nd St, New York, NY 10023, USA",Treatments,2026-03-03 11:27:03,Bait applied
4.3,40.830284,-73.947388,New Deli 1,"3660 Broadway, New York, NY 10031, USA",Initial,2026-03-03 11:29:05,Rat Activity
4.0,40.84819,-73.938017,Tu Cachapa 🇻🇪,"4195 Broadway, New York, NY 10033, USA",Treatments,2026-03-03 11:30:45,Bait applied
4.2,40.759775,-73.804341,BLEU GOLF,"42-16 162nd St, Flushing, NY 11358, USA",Initial,2026-03-03 11:40:11,Failed for Other R
4.7,40.777795,-73.979123,Playa Bowls,"105 W 72nd St, New York, NY 10023, USA",Treatments,2026-03-03 11:42:47,Bait applied
,40.833534,-73.941346,Plantega (NY1 Gourmet Deli),"1981 Amsterdam Ave, New York, NY 10032, USA",Treatments,2026-03-03 12:00:08,Bait applied
,40.728335,-73.988132,Rey Taco,"125 2nd Ave #13, New York, NY 10003, USA",Compliance,2026-03-03 12:00:31,Rat Activity
3.8,40.726152,-73.989716,La Vera Pizza,"67 2nd Ave, New York, NY 10003, USA",Compliance,2026-03-03 12:24:06,Rat Activity
,40.834301,-73.912315,Statue of Liberty,"1256 College Ave, Bronx, NY 10456, USA",Compliance,2026-03-03 12:25:16,Rat Activity
,40.753767,-73.990762,Contact Us — PUFFS,"237 W 37th St 2nd Floor, New York, NY 10018, USA",Treatments,2026-03-03 12:30:50,Bait applied
4.1,40.745009,-73.99157,Gregorys Coffee,"775 6th Ave, New York, NY 10001, USA",Treatments,2026-03-03 13:00:50,Bait applied
5.0,40.818616,-73.939419,Especiallymade_ByB,"117 W 141st St, New York, NY 10030, USA",Compliance,2026-03-03 13:09:08,Rat Activity
3.6,40.832853,-73.942323,New Luck Garden,"1954 Amsterdam Ave, New York, NY 10032, USA",Treatments,2026-03-03 14:05:12,Bait applied
4.7,40.746732,-73.947604,Traze,"21-03 45th Rd, Long Island City, NY 11101, USA",Compliance,2026-03-04 08:06:00,Rat Activity
4.6,40.762848,-73.919843,Hutch Astoria,"35-07 31st Ave, Astoria, NY 11106, USA",Initial,2026-03-04 08:41:00,Rat Activity
4.3,40.772299,-73.955236,Anand,"304 E 78th St, New York, NY 10075, USA",Compliance,2026-03-04 08:41:03,Failed for Rat Act
4.3,40.772299,-73.955236,Anand,"304 E 78th St, New York, NY 10075, USA",Compliance,2026-03-04 08:55:03,Rat Activity
,40.850474,-73.903881,Anyi,"227 E 178th St, Bronx, NY 10457, USA",Initial,2026-03-04 09:00:00,Failed for Other R
4.9,40.772286,-73.955049,Ed’s Elbow Room,"308 E 78th St, New York, NY 10075, USA",Compliance,2026-03-04 09:06:03,Rat Activity
4.9,40.772286,-73.955049,Ed’s Elbow Room,"308 E 78th St, New York, NY 10075, USA",Compliance,2026-03-04 09:06:03,Rat Activity
5.0,40.799575,-73.944246,Salimata,"62 E 116th St, New York, NY 10029, USA",Compliance,2026-03-04 09:07:15,Failed for Rat Act
5.0,40.799575,-73.944246,Salimata,"62 E 116th St, New York, NY 10029, USA",Compliance,2026-03-04 09:07:15,Failed for Rat Act
3.9,40.810252,-73.953189,OMEGA BAKERY & CAFE,"279 St Nicholas Ave, New York, NY 10027, USA",Stoppage,2026-03-04 09:12:00,Stoppage done
5.0,40.799575,-73.944246,Salimata,"62 E 116th St, New York, NY 10029, USA",Initial,2026-03-04 09:20:15,Failed for Rat Act
5.0,40.799575,-73.944246,Salimata,"62 E 116th St, New York, NY 10029, USA",Initial,2026-03-04 09:20:15,Failed for Rat Act
,40.879248,-73.872091,Val.eeefreshfood,"3510 Decatur Ave, Bronx, NY 10467, USA",Treatments,2026-03-04 09:24:00,Bait applied
4.9,40.772286,-73.955049,Ed’s Elbow Room,"308 E 78th St, New York, NY 10075, USA",Compliance,2026-03-04 09:32:03,Rat Activity
4.9,40.772286,-73.955049,Ed’s Elbow Room,"308 E 78th St, New York, NY 10075, USA",Compliance,2026-03-04 09:32:03,Rat Activity
4.1,40.694829,-73.95301,Anaiah,"744 Myrtle Ave, Brooklyn, NY 11205, USA",Initial,2026-03-04 09:37:00,Rat Activity
2.9,40.765393,-73.984161,Subway,"925 8th Ave, New York, NY 10019, USA",Initial,2026-03-04 09:39:00,Rat Activity
3.9,40.846381,-73.892875,La Bella Rosa Bakery Inc,"605 E Tremont Ave, Bronx, NY 10457, USA",Initial,2026-03-04 09:41:00,Failed for Other R
4.6,40.685979,-73.920972,Twin Grills,"865 Hancock St, Brooklyn, NY 11233, USA",Treatments,2026-03-04 09:47:52,Monitoring visit
4.5,40.726465,-73.989447,LÀ LÁ Bakeshop NYC,"73 2nd Ave, New York, NY 10003, USA",Compliance,2026-03-04 09:49:32,Rat Activity
,40.720851,-74.000487,Ny24,"Grand St, New York, NY 10013, USA",Compliance,2026-03-04 09:53:37,Rat Activity
4.9,40.772286,-73.955049,Ed’s Elbow Room,"308 E 78th St, New York, NY 10075, USA",Compliance,2026-03-04 09:55:03,Failed for Rat Act
4.9,40.772286,-73.955049,Ed’s Elbow Room,"308 E 78th St, New York, NY 10075, USA",Compliance,2026-03-04 09:55:03,Failed for Rat Act
4.6,40.800158,-73.952297,El Valle 46 Restaurante,"46 St Nicholas Ave, New York, NY 10026, USA",Stoppage,2026-03-04 09:56:00,Stoppage done
3.6,40.796989,-73.969706,Aamber Indian Vegan,"2636a Broadway, New York, NY 10025, USA",Stoppage,2026-03-04 10:09:00,Stoppage done
4.6,40.667289,-73.980802,Java Joe Coffee Tea & Spice Merchant,"414 8th St, Brooklyn, NY 11215, USA",Compliance,2026-03-04 10:10:03,Rat Activity
4.6,40.847218,-73.938372,Manolo Tapas,"4165 Broadway, New York, NY 10033, USA",Treatments,2026-03-04 10:10:25,Bait applied
4.8,40.856881,-73.887881,Stop One Mini Market,"566 E 188th St, Bronx, NY 10458, USA",Initial,2026-03-04 10:23:59,Failed for Other R
4.6,40.830733,-73.899423,MERRY CANDY BAR LLC,"777 E 169th St, Bronx, NY 10456, USA",Initial,2026-03-04 10:28:09,Rat Activity
4.6,40.772097,-73.95445,Xi'an Famous Foods 西安名吃 | Upper East Side 78th&2nd,"328 E 78th St, New York, NY 10075, USA",Compliance,2026-03-04 10:29:03,Rat Activity
4.8,40.68059,-73.974388,Tacos del Barrio,"67 1/2 6th Ave, Brooklyn, NY 11217, USA",Initial,2026-03-04 10:30:00,Failed for Rat Act
4.8,40.68059,-73.974388,Tacos del Barrio,"67 1/2 6th Ave, Brooklyn, NY 11217, USA",Initial,2026-03-04 10:30:00,Failed for Rat Act
4.7,40.804639,-73.951185,The Monkey Cup,"1965 Adam Clayton Powell Jr Blvd, New York, NY 10026, USA",Treatments,2026-03-04 10:30:09,Bait applied
4.1,40.833746,-73.926866,Don Sazón Restaurante,"1048 Woodycrest Ave, Bronx, NY 10452, USA",Compliance,2026-03-04 10:44:07,Rat Activity
3.9,40.73841,-73.982538,Pick A Bagel on 23rd street,"210 E 23rd St, New York, NY 10010, USA",Treatments,2026-03-04 10:45:08,Bait applied
4.7,40.679427,-73.938628,Den of Splendor,"42 Albany Ave, Brooklyn, NY 11213, USA",Treatments,2026-03-04 10:46:38,Bait applied
5.0,40.753748,-73.91412,Teles Taqueria El Mas Sabroso,"48-01 Northern Blvd, Long Island City, NY 11101, USA",Compliance,2026-03-04 10:48:00,Failed for Other R
4.4,40.85708,-73.886018,M&G II,"2472 Arthur Ave, Bronx, NY 10458, USA",Initial,2026-03-04 10:54:59,Failed for Other R
4.4,40.802516,-73.938498,Teamworkon3 Juice,"2007 Lexington Avenue store Store, 2011 Lexington Ave, New York, NY 10035, USA",Stoppage,2026-03-04 11:00:00,Stoppage done
4.4,40.85708,-73.886018,M&G II,"2472 Arthur Ave, Bronx, NY 10458, USA",Initial,2026-03-04 11:03:59,Failed for Other R
4.4,40.767288,-73.98473,Stop By Café,"342 W 57th St, New York, NY 10019, USA",Initial,2026-03-04 11:05:28,Rat Activity
4.3,40.712739,-73.994309,Phở Gà Vàng,"30 Market St, New York, NY 10002, USA",Initial,2026-03-04 11:07:11,Failed for Other R
4.6,40.772097,-73.95445,Xi'an Famous Foods 西安名吃 | Upper East Side 78th&2nd,"328 E 78th St, New York, NY 10075, USA",Compliance,2026-03-04 11:08:03,Rat Activity
4.4,40.798518,-73.933858,Santiago’s Garden,"2337 1st Ave, New York, NY 10035, USA",Stoppage,2026-03-04 11:18:00,Stoppage done
4.3,40.712739,-73.994309,Phở Gà Vàng,"30 Market St, New York, NY 10002, USA",Initial,2026-03-04 11:20:19,Failed for Rat Act
4.2,40.82611,-73.950383,LA VIAGRA,"3536 Broadway, New York, NY 10031, USA",Compliance,2026-03-04 11:22:01,Failed for Rat Act
4.8,40.742092,-74.000594,Da Andrea Chelsea,"160 8th Ave, New York, NY 10011, USA",Compliance,2026-03-04 11:25:37,Rat Activity
4.9,40.690626,-73.933758,Good Times Deli & Grill,"857 Greene Ave, Brooklyn, NY 11221, USA",Initial,2026-03-04 11:26:00,Failed for Rat Act
4.0,40.806943,-73.918145,El Jaguar,"536 E 138th St, Bronx, NY 10454, USA",Compliance,2026-03-04 11:26:11,Rat Activity
4.7,40.795941,-73.934748,Azalea Café,"409 E 116th St, New York, NY 10029, USA",Stoppage,2026-03-04 11:31:00,Stoppage done
4.2,40.736985,-73.865227,Yummy Kitchen,"95-17 57th Ave, Elmhurst, NY 11373, USA",Treatments,2026-03-04 11:34:16,Bait applied
3.9,40.676115,-74.000604,Dunkin',"289 Hamilton Ave, Brooklyn, NY 11231, USA",Initial,2026-03-04 11:35:00,Failed for Rat Act
4.4,40.712436,-73.994027,Golden Diner,"123 Madison St, New York, NY 10002, USA",Initial,2026-03-04 11:36:00,Rat Activity
3.7,40.717434,-73.997277,Yuan Zai Bing,"104 Mott St, New York, NY 10013, USA",Initial,2026-03-04 11:37:11,Failed for Other R
,40.766922,-73.986124,Crafted burgers NYC,"858 9th Ave, New York, NY 10019, USA",Initial,2026-03-04 11:38:00,Rat Activity
,40.766922,-73.986124,Crafted burgers NYC,"858 9th Ave, New York, NY 10019, USA",Initial,2026-03-04 11:38:00,Rat Activity
,40.721894,-73.988208,Bar Bryan night,"182 Orchard St, New York, NY 10002, USA",Treatments,2026-03-04 11:39:18,Bait applied
4.5,40.756101,-73.966032,Kealoha Sushi & Poke Bowl,"330 E 53rd St, New York, NY 10022, USA",Treatments,2026-03-04 11:45:50,Bait applied
4.3,40.858751,-73.903413,Elsa La Reina Del Chicharron,"1 E 183rd St, Bronx, NY 10453, USA",Initial,2026-03-04 11:50:59,Failed for Other R
5.0,40.858677,-73.905129,SBK Gourmet,"30 W 183rd St, Bronx, NY 10453, USA",Initial,2026-03-04 12:07:59,Rat Activity
4.3,40.712238,-73.994226,Bánh by Lauren,"42 Market St, New York, NY 10002, USA",Initial,2026-03-04 12:08:59,Rat Activity
1.0,40.687764,-73.95494,Golden Hing,"1082 Bedford Ave, Brooklyn, NY 11216, USA",Compliance,2026-03-04 12:12:00,Rat Activity
1.0,40.687764,-73.95494,Golden Hing,"1082 Bedford Ave, Brooklyn, NY 11216, USA",Compliance,2026-03-04 12:12:00,Rat Activity
4.3,40.7119,-73.994552,Happy Medium,"49 Market St, New York, NY 10002, USA",Initial,2026-03-04 12:12:34,Rat Activity
5.0,40.858677,-73.905129,SBK Gourmet,"30 W 183rd St, Bronx, NY 10453, USA",Initial,2026-03-04 12:13:59,Failed for Rat Act
5.0,40.711704,-73.994409,Bolzot,"55 Market St, New York, NY 10002, USA",Initial,2026-03-04 12:16:00,Rat Activity
5.0,40.711704,-73.994409,Bolzot,"55 Market St, New York, NY 10002, USA",Initial,2026-03-04 12:23:45,Rat Activity
4.3,40.829593,-73.947798,Mire Star Restaurant,"3640 Broadway, New York, NY 10031, USA",Compliance,2026-03-04 12:25:01,Failed for Rat Act
5.0,40.684546,-73.944572,Rodo Foods,"420 Putnam Ave, Brooklyn, NY 11216, USA",Compliance,2026-03-04 12:31:55,Rat Activity
5.0,40.711704,-73.994409,Bolzot,"55 Market St, New York, NY 10002, USA",Initial,2026-03-04 12:31:56,Failed for Other R
4.2,40.77201,-73.955404,Ollie’s To Go: Upper East Side,"307 E 77th St, New York, NY 10075, USA",Compliance,2026-03-04 13:22:03,Rat Activity
4.5,40.700658,-73.921225,Knickerbocker Bagel,"367 Knickerbocker Ave, Brooklyn, NY 11237, USA",Compliance,2026-03-04 13:25:48,Rat Activity
4.1,40.68303,-73.922893,Dream House,"194 Ralph Ave, Brooklyn, NY 11233, USA",Treatments,2026-03-04 13:47:00,Bait applied
4.3,40.702192,-73.920344,Caraotas,"162 Irving Ave, Brooklyn, NY 11237, USA",Compliance,2026-03-04 14:22:48,Rat Activity
4.9,40.785926,-73.976602,Florentin,"480 Amsterdam Ave, New York, NY 10024, USA",Compliance,2026-03-04 14:35:06,Failed for Rat Act
3.0,40.680895,-73.977291,Sfi Grill & Deli,"Brooklyn, NY 11217, USA",Initial,2026-03-04 14:45:00,Failed for Other R
4.4,40.747386,-73.893391,Karachi Kabab Boiz (KKB) Storefront,"72-08 Broadway, Jackson Heights, NY 11372, USA",Compliance,2026-03-05 08:14:00,Rat Activity
,40.748609,-73.8934,Rosui Ghor,"72 37th Ave, Jackson Heights, NY 11372, USA",Compliance,2026-03-05 09:22:00,Rat Activity
3.0,40.703102,-73.91824,The Podunk Inquirer,"323 Stanhope St, Brooklyn, NY 11237, USA",Treatments,2025-01-26 14:10:00,Bait applied
5.0,40.702601,-73.918874,SPLASH NUTRITION,"303 Stanhope St, Brooklyn, NY 11237, USA",Treatments,2025-01-26 14:30:00,Bait applied
4.4,40.787022,-73.978129,Namazake Sushi,"2315 Broadway, New York, NY 10024, USA",Initial,2025-01-27 08:20:00,Rat Activity
4.4,40.787022,-73.978129,Namazake Sushi,"2315 Broadway, New York, NY 10024, USA",Initial,2025-01-27 08:20:00,Rat Activity
3.6,40.801942,-73.956899,Dragon Sushi,"2072 Frederick Douglass Blvd, New York, NY 10026, USA",Treatments,2025-01-27 08:32:31,Bait applied
3.6,40.804603,-73.955034,Kennedy Chicken & Burgers,"2150 Frederick Douglass Blvd, New York, NY 10026, USA",Treatments,2025-01-27 08:44:03,Bait applied
3.8,40.661749,-73.950985,Dragon King,"1078 Nostrand Ave, Brooklyn, NY 11225, USA",Treatments,2025-01-27 09:20:49,Bait applied
4.2,40.811455,-73.950228,Arnie & Ebony Catering LLC,"Frederick Douglass Blvd, W 127th St, New York, NY 10027, USA",Treatments,2025-01-27 09:26:12,Bait applied
5.0,40.717974,-73.999259,dinkies,"118 Baxter St, New York, NY 10013, USA",Treatments,2025-01-27 09:26:45,Bait applied
5.0,40.717974,-73.999259,dinkies,"118 Baxter St, New York, NY 10013, USA",Treatments,2025-01-27 09:26:45,Bait applied
4.5,40.846839,-73.897963,National Burger House,"470 E Tremont Ave, Bronx, NY 10457, USA",Treatments,2025-01-27 09:38:00,Bait applied
3.9,40.797385,-73.949085,Kennedy Fried Chicken,"1316 5th Ave, New York, NY 10026, USA",Treatments,2025-01-27 09:53:56,Bait applied
4.7,40.719806,-73.999084,161 Lafayette,"161 Lafayette St, New York, NY 10013, USA",Treatments,2025-01-27 09:56:45,Bait applied
,40.701853,-73.919564,Diego's Gyros,"178 Irving Ave, Brooklyn, NY 11237, USA",Compliance,2025-01-27 10:02:40,Rat Activity
,40.701853,-73.919564,Diego's Gyros,"178 Irving Ave, Brooklyn, NY 11237, USA",Compliance,2025-01-27 10:02:40,Rat Activity
5.0,40.702601,-73.918874,SPLASH NUTRITION,"303 Stanhope St, Brooklyn, NY 11237, USA",Compliance,2025-01-27 10:10:40,Rat Activity
,40.720137,-73.996476,Acai Berry,"377 Broome St, New York, NY 10013, USA",Treatments,2025-01-27 10:11:45,Bait applied
5.0,40.700769,-73.903929,El Novillo 4,"8-95 Seneca Ave, Ridgewood, NY 11385, USA",Treatments,2025-01-27 10:16:47,Bait applied
3.7,40.734035,-73.990743,Lavazza,"850 Broadway, New York, NY 10003, USA",Treatments,2025-01-27 10:26:45,Bait applied
3.9,40.701827,-73.908879,El Fogón Costeño,"17-01 Palmetto St, Ridgewood, NY 11385, USA",Treatments,2025-01-27 10:29:27,Bait applied
4.8,40.852459,-73.889782,UNCHIN CHIN,"2276 Arthur Ave Ste #A, Bronx, NY 10457, USA",Initial,2025-01-27 10:35:00,Failed for Other R
1.0,40.842584,-73.885102,Chef G’s Kitchen,"881 E Tremont Ave, Bronx, NY 10460, USA",Initial,2025-01-27 10:36:49,Failed for Rat Act
4.9,40.786152,-73.975772,Honeybrains Upper West Side,"495 Amsterdam Ave, New York, NY 10024, USA",Treatments,2025-01-27 10:40:35,Bait applied
4.9,40.786152,-73.975772,Honeybrains Upper West Side,"495 Amsterdam Ave, New York, NY 10024, USA",Treatments,2025-01-27 10:40:35,Bait applied
4.5,40.683674,-73.932599,Rita & Maria,"558 Halsey St, Brooklyn, NY 11233, USA",Treatments,2025-01-27 10:41:00,Bait applied
4.1,40.792704,-73.945772,Great Hong Kong,"1703 Lexington Ave, New York, NY 10029, USA",Treatments,2025-01-27 10:43:00,Bait applied
4.7,40.71294,-73.996568,Jin Mei Dumpling,"25B Henry St B, New York, NY 10002, USA",Initial,2025-01-27 10:49:27,Rat Activity
4.4,40.7297,-73.988813,Hasaki,"210 E 9th St, New York, NY 10003, USA",Treatments,2025-01-27 10:57:25,Bait applied
4.5,40.790956,-73.94699,Alison,"1651 Lexington Ave, New York, NY 10029, USA",Treatments,2025-01-27 11:01:00,Bait applied
4.6,40.790411,-73.948226,Gold Deli,"126 E 103rd St, New York, NY 10029, USA",Treatments,2025-01-27 11:09:05,Monitoring visit
3.8,40.722117,-73.996386,Soupside,"51 Spring St, New York, NY 10012, USA",Treatments,2025-01-27 11:10:45,Bait applied
3.8,40.722117,-73.996386,Soupside,"51 Spring St, New York, NY 10012, USA",Treatments,2025-01-27 11:10:45,Bait applied
3.8,40.722117,-73.996386,Soupside,"51 Spring St, New York, NY 10012, USA",Treatments,2025-01-27 11:10:45,Bait applied
3.8,40.722117,-73.996386,Soupside,"51 Spring St, New York, NY 10012, USA",Treatments,2025-01-27 11:10:45,Bait applied
4.4,40.81435,-73.944053,Yatenga,"3023, 2269 Adam Clayton Powell Jr Blvd #1, New York, NY 10030, USA",Compliance,2025-01-27 11:18:22,Rat Activity
4.6,40.659893,-73.961085,Pomo BK,"2122 Beekman Pl, Brooklyn, NY 11225, USA",Treatments,2025-01-27 11:20:00,Bait applied
4.0,40.79033,-73.947419,Dunkin',"1631 Lexington Ave, New York, NY 10029, USA",Treatments,2025-01-27 11:21:00,Monitoring visit
4.4,40.720608,-73.996533,Deux Luxe,"384 Broome St, New York, NY 10012, USA",Treatments,2025-01-27 11:24:45,Bait applied
4.4,40.720608,-73.996533,Deux Luxe,"384 Broome St, New York, NY 10012, USA",Treatments,2025-01-27 11:24:45,Bait applied
3.7,40.732254,-73.98741,Market Sandwich,"4 Union Square S, New York, NY 10003, USA",Treatments,2025-01-27 11:30:25,Bait applied
3.7,40.732254,-73.98741,Market Sandwich,"4 Union Square S, New York, NY 10003, USA",Treatments,2025-01-27 11:41:25,Bait applied
4.6,40.656865,-73.960391,Ouma Bakery and All Day Cafe,"676 Flatbush Ave, Brooklyn, NY 11225, USA",Treatments,2025-01-27 11:50:24,Bait applied
3.5,40.842443,-73.885909,Bella Italia Pizza,"Bronx, NY 10460, USA",Initial,2025-01-27 11:51:44,Rat Activity
4.7,40.813955,-73.944016,Rejuvenate Juice bar,"171 W 133rd St, New York, NY 10030, USA",Compliance,2025-01-27 11:53:22,Failed for Rat Act
4.9,40.727033,-74.002032,Rei Restaurant,"142 Sullivan St, New York, NY 10012, USA",Treatments,2025-01-27 11:54:45,Bait applied
4.9,40.727033,-74.002032,Rei Restaurant,"142 Sullivan St, New York, NY 10012, USA",Treatments,2025-01-27 11:54:45,Bait applied
4.7,40.788428,-73.97715,"Crossbar - Coffee, Food, Soccer","250 W 86th St, New York, NY 10024, USA",Initial,2025-01-27 11:55:00,Failed for Other R
4.5,40.790956,-73.94699,Alison,"1651 Lexington Ave, New York, NY 10029, USA",Treatments,2025-01-27 11:55:05,Bait applied
4.2,40.842986,-73.885888,Kennedy Chicken,"879 E Tremont Ave, Bronx, NY 10460, USA",Initial,2025-01-27 12:04:44,Failed for Other R
2.3,40.769295,-73.95223,Subway,"1427 York Ave, New York, NY 10021, USA",Initial,2025-01-27 12:05:00,Failed for Rat Act
4.2,40.843016,-73.886567,Yaque River Lounge,"860 E Tremont Ave, Bronx, NY 10460, USA",Initial,2025-01-27 12:09:44,Rat Activity
4.3,40.858692,-73.898665,Meat Market Jazmin Corporation,"2356 Grand Concourse, Bronx, NY 10458, USA",Compliance,2025-01-27 12:18:00,Rat Activity
4.5,40.790328,-73.946074,G&J's Pizzeria,"188 E 104th St, New York, NY 10029, USA",Treatments,2025-01-27 12:19:05,Bait applied
5.0,40.812701,-73.941595,Lenox Deli & Salad,"New York, NY 10037, USA",Compliance,2025-01-27 12:19:22,Failed for Rat Act
3.9,40.681,-73.994127,Bagels By the Park,"323 Smith St, Brooklyn, NY 11231, USA",Compliance,2025-01-27 12:27:00,Rat Activity
3.9,40.681,-73.994127,Bagels By the Park,"323 Smith St, Brooklyn, NY 11231, USA",Compliance,2025-01-27 12:27:00,Rat Activity
4.3,40.768186,-73.955024,The Sweet Shop NYC,"404 E 73rd St, New York, NY 10021, USA",Initial,2025-01-27 12:30:00,Rat Activity
4.5,40.76017,-73.878498,Nana's Kitchen New York 🇨🇴,"90-01 31st Ave, East Elmhurst, NY 11369, USA",Compliance,2025-01-27 12:36:00,Rat Activity
3.3,40.789679,-73.942802,Apollo Pizza,"2036 2nd Ave Store 1, New York, NY 10029, USA",Treatments,2025-01-27 12:39:05,Bait applied
3.3,40.789679,-73.942802,Apollo Pizza,"2036 2nd Ave Store 1, New York, NY 10029, USA",Treatments,2025-01-27 12:39:05,Bait applied
3.3,40.789679,-73.942802,Apollo Pizza,"2036 2nd Ave Store 1, New York, NY 10029, USA",Treatments,2025-01-27 12:39:05,Bait applied
4.6,40.689847,-73.972327,Los Dos Hermanos,"264 Carlton Ave, Brooklyn, NY 11205, USA",Compliance,2025-01-27 12:50:00,Rat Activity
4.3,40.699837,-73.92062,Ugly Donuts & Corn Dogs Bushwick,"398 Knickerbocker Ave, Brooklyn, NY 11237, USA",Compliance,2025-01-27 13:07:56,Rat Activity
3.6,40.806333,-73.942641,Kennedy fried chicken burger and shake,"2 W 125th St, New York, NY 10027, USA",Treatments,2025-01-27 13:28:22,Bait applied
3.6,40.806333,-73.942641,Kennedy fried chicken burger and shake,"2 W 125th St, New York, NY 10027, USA",Treatments,2025-01-27 13:28:22,Bait applied
3.6,40.806333,-73.942641,Kennedy fried chicken burger and shake,"2 W 125th St, New York, NY 10027, USA",Treatments,2025-01-27 13:28:22,Bait applied
4.3,40.825152,-73.940022,Tulcimexico,"2798 Frederick Douglass Blvd, New York, NY 10039, USA",Compliance,2025-01-27 13:34:59,Rat Activity
4.5,40.65504,-73.960986,BROOKLYN PERK Coffee,"206 Parkside Ave, Brooklyn, NY 11226, USA",Treatments,2025-01-27 13:35:24,Bait applied
5.0,40.658312,-73.96063,Red Chaconia Cafe,"616 Flatbush Ave, Brooklyn, NY 11225, USA",Treatments,2025-01-27 13:55:24,Bait applied
,40.695154,-73.901813,Escapade,"16-22 Summerfield St, Ridgewood, NY 11385, USA",Initial,2025-01-28 08:00:00,Rat Activity
4.7,40.660391,-73.980095,Roast Coffee,"211 Prospect Park W, Brooklyn, NY 11215, USA",Treatments,2025-01-28 08:19:21,Bait applied
4.7,40.79236,-73.945924,Perch,"1693 Lexington Ave, New York, NY 10029, USA",Treatments,2025-01-28 08:53:00,Bait applied
4.1,40.844122,-73.887917,El Nuevo Bohío,"791 E Tremont Ave, Bronx, NY 10460, USA",Initial,2025-01-28 09:04:41,Rat Activity
4.3,40.768186,-73.955024,The Sweet Shop NYC,"404 E 73rd St, New York, NY 10021, USA",Treatments,2025-01-28 09:06:00,Bait applied
4.1,40.844122,-73.887917,El Nuevo Bohío,"791 E Tremont Ave, Bronx, NY 10460, USA",Initial,2025-01-28 09:08:30,Rat Activity
5.0,40.844577,-73.890224,La Casa de la Empanada,"1952 Clinton Ave, Bronx, NY 10457, USA",Initial,2025-01-28 09:08:41,Failed for Other R
4.1,40.844122,-73.887917,El Nuevo Bohío,"791 E Tremont Ave, Bronx, NY 10460, USA",Initial,2025-01-28 09:10:21,Rat Activity
3.3,40.789679,-73.942802,Apollo Pizza,"2036 2nd Ave Store 1, New York, NY 10029, USA",Treatments,2025-01-28 09:12:00,Bait applied
3.3,40.789679,-73.942802,Apollo Pizza,"2036 2nd Ave Store 1, New York, NY 10029, USA",Treatments,2025-01-28 09:12:00,Bait applied
3.3,40.789679,-73.942802,Apollo Pizza,"2036 2nd Ave Store 1, New York, NY 10029, USA",Treatments,2025-01-28 09:12:00,Bait applied
4.1,40.844122,-73.887917,El Nuevo Bohío,"791 E Tremont Ave, Bronx, NY 10460, USA",Initial,2025-01-28 09:12:51,Rat Activity
4.1,40.844122,-73.887917,El Nuevo Bohío,"791 E Tremont Ave, Bronx, NY 10460, USA",Initial,2025-01-28 09:14:00,Rat Activity
4.7,40.701641,-73.958074,Spitzer's Kosher Grocery,"657 Bedford Ave, Brooklyn, NY 11211, USA",Initial,2025-01-28 09:19:00,Rat Activity
2.7,40.62836,-74.01328,大拇指功夫厨房 Thumbs-Up KongFu Kitchen,"894 70th St, Brooklyn, NY 11228, USA",Initial,2025-01-28 09:27:38,Rat Activity
4.8,40.734965,-73.934779,Wonton Food Inc.,"52-10 37th St, Long Island City, NY 11101, USA",Treatments,2025-01-28 09:41:16,Bait applied
3.8,40.637526,-74.007181,Uncle Ng's Recipe,"5603 8th Ave, Brooklyn, NY 11220, USA",Treatments,2025-01-28 09:53:00,Bait applied
4.5,40.708278,-73.89763,Minitalia Pizzeria Restaurant,"66-25 Fresh Pond Rd, Ridgewood, NY 11385, USA",Initial,2025-01-28 09:57:00,Failed for Other R
5.0,40.698837,-73.916822,La Huequita El autentico manabita,"1450 Myrtle Ave, Brooklyn, NY 11237, USA",Compliance,2025-01-28 10:03:39,Rat Activity
5.0,40.698837,-73.916822,La Huequita El autentico manabita,"1450 Myrtle Ave, Brooklyn, NY 11237, USA",Compliance,2025-01-28 10:03:39,Rat Activity
5.0,40.698837,-73.916822,La Huequita El autentico manabita,"1450 Myrtle Ave, Brooklyn, NY 11237, USA",Compliance,2025-01-28 10:03:39,Rat Activity
,40.727519,-73.98275,BABA DONER,"147 Avenue A, New York, NY 10009, USA",Stoppage,2025-01-28 10:04:00,Stoppage done
,40.727519,-73.98275,BABA DONER,"147 Avenue A, New York, NY 10009, USA",Stoppage,2025-01-28 10:04:00,Stoppage done
,40.727519,-73.98275,BABA DONER,"147 Avenue A, New York, NY 10009, USA",Stoppage,2025-01-28 10:04:00,Stoppage done
,40.727519,-73.98275,BABA DONER,"147 Avenue A, New York, NY 10009, USA",Stoppage,2025-01-28 10:04:00,Stoppage done
,40.727519,-73.98275,BABA DONER,"147 Avenue A, New York, NY 10009, USA",Stoppage,2025-01-28 10:04:00,Stoppage done
,40.727519,-73.98275,BABA DONER,"147 Avenue A, New York, NY 10009, USA",Stoppage,2025-01-28 10:04:00,Stoppage done
4.1,40.726837,-73.987674,Malai Marke,"318 E 6th St, New York, NY 10003, USA",Treatments,2025-01-28 10:06:24,Bait applied
5.0,40.698837,-73.916822,La Huequita El autentico manabita,"1450 Myrtle Ave, Brooklyn, NY 11237, USA",Compliance,2025-01-28 10:11:39,Rat Activity
5.0,40.698837,-73.916822,La Huequita El autentico manabita,"1450 Myrtle Ave, Brooklyn, NY 11237, USA",Compliance,2025-01-28 10:11:39,Rat Activity
5.0,40.698837,-73.916822,La Huequita El autentico manabita,"1450 Myrtle Ave, Brooklyn, NY 11237, USA",Compliance,2025-01-28 10:11:39,Rat Activity
3.9,40.843745,-73.938114,Popeyes Louisiana Kitchen,"601 W 172nd St, New York, NY 10032, USA",Treatments,2025-01-28 10:13:16,Bait applied
4.7,40.729132,-73.983714,Mama's Kitchen,"400 E 11th St, New York, NY 10009, USA",Stoppage,2025-01-28 10:16:00,Stoppage done
4.7,40.729132,-73.983714,Mama's Kitchen,"400 E 11th St, New York, NY 10009, USA",Stoppage,2025-01-28 10:16:00,Stoppage done
,40.699196,-73.915927,Bar blanquita,"1493 Myrtle Ave, Brooklyn, NY 11237, USA",Compliance,2025-01-28 10:19:39,Rat Activity
4.2,40.784281,-73.977244,Spice (Upper West Side),"435 AMSTERDAM AVENUE AT, W 81st St, New York, NY 10024, USA",Initial,2025-01-28 10:21:00,Rat Activity
5.0,40.847584,-73.935397,El Pirata Street Food,"601 W 178th St, New York, NY 10033, USA",Treatments,2025-01-28 10:21:16,Bait applied
4.3,40.849588,-73.933868,Chick-fil-A,"601 W 181st St, NWQ of 181 St. &, St Nicholas Ave, New York, NY 10033, USA",Treatments,2025-01-28 10:27:16,Bait applied
,40.699196,-73.915927,Bar blanquita,"1493 Myrtle Ave, Brooklyn, NY 11237, USA",Compliance,2025-01-28 10:27:39,Rat Activity
5.0,40.70961,-73.952571,Social Cues SLAY!,"369 Hooper St, Brooklyn, NY 11211, USA",Compliance,2025-01-28 10:28:00,Failed for Rat Act
,40.803089,-73.952576,Billy Harper,"New York, NY 10026, USA",Treatments,2025-01-28 10:28:49,Bait applied
,40.690603,-73.943456,Jose’ taco shop,"744 Lafayette Ave, Brooklyn, NY 11221, USA",Compliance,2025-01-28 10:30:00,Rat Activity
3.7,40.848947,-73.934235,Los Munchies St Nicholas Ave,"1405 St Nicholas Ave, New York, NY 10033, USA",Treatments,2025-01-28 10:31:01,Bait applied
4.7,40.770836,-73.902968,Mi Cielito Colombiano,"45-01 Ditmars Blvd, Astoria, NY 11105, USA",Treatments,2025-01-28 10:35:00,Bait applied
4.7,40.725344,-73.98321,Pineapple Club,"509 E 6th St, New York, NY 10009, USA",Treatments,2025-01-28 10:37:24,Bait applied
3.7,40.849686,-73.933236,Silver Palace,"1430 St Nicholas Ave, New York, NY 10033, USA",Treatments,2025-01-28 10:45:16,Bait applied
4.0,40.852745,-73.904975,Madison Cafe,"126 E Burnside Ave, Bronx, NY 10453, USA",Compliance,2025-01-28 10:45:52,Rat Activity
,40.792674,-73.971572,ביליס הוט דוג,"698 Amsterdam Ave, New York, NY 10025, USA",Treatments,2025-01-28 10:47:06,Bait applied
4.6,40.725436,-73.944751,Greta - Greenpoint neighborhood coffee shop,"204 Nassau Ave, Brooklyn, NY 11222, USA",Compliance,2025-01-28 10:49:00,Rat Activity
,40.784097,-73.978702,Julie's Beet,"210 W 80th St, New York, NY 10024, USA",Initial,2025-01-28 10:52:00,Rat Activity
4.6,40.84963,-73.932884,Habichuelas con Dulce,"570-598 W 182nd St, New York, NY 10033, USA",Treatments,2025-01-28 10:56:16,Bait applied
,40.740753,-73.9242,Samurai Sushi LLC,"47-32 41st St, Sunnyside, NY 11104, USA",Treatments,2025-01-28 10:57:39,Bait applied
5.0,40.864376,-73.896805,Fantasia Cakes,"ONLINE ONLY, 2564 Creston Ave, Bronx, NY 10468, USA",Initial,2025-01-28 10:59:09,Rat Activity
4.7,40.804639,-73.951185,The Monkey Cup,"1965 Adam Clayton Powell Jr Blvd, New York, NY 10026, USA",Treatments,2025-01-28 11:01:49,Bait applied
,40.792674,-73.971572,ביליס הוט דוג,"698 Amsterdam Ave, New York, NY 10025, USA",Treatments,2025-01-28 11:02:06,Bait applied
4.9,40.68759,-73.954515,STUPIDROMANS,"1063 Bedford Ave, Brooklyn, NY 11216, USA",Compliance,2025-01-28 11:06:29,Rat Activity
4.7,40.681551,-73.950066,Coffee With Milk,"504 Nostrand Ave, Brooklyn, NY 11216, USA",Compliance,2025-01-28 11:06:59,Rat Activity
,40.864398,-73.890856,Casa de papo ramonsito,"2640 Marion Ave, Bronx, NY 10458, USA",Treatments,2025-01-28 11:10:00,Bait applied
,40.788254,-73.980796,Lenwhich,"460 Columbus Ave, New York, NY 10024, USA",Treatments,2025-01-28 11:17:06,Bait applied
4.8,40.732457,-73.954312,BLND Coffee Studio,"141 India St, Brooklyn, NY 11222, USA",Compliance,2025-01-28 11:20:00,Rat Activity
4.8,40.732457,-73.954312,BLND Coffee Studio,"141 India St, Brooklyn, NY 11222, USA",Compliance,2025-01-28 11:20:00,Rat Activity
3.8,40.790298,-73.945394,LA ISLA RESTAURANT,"1883 3rd Ave, New York, NY 10029, USA",Treatments,2025-01-28 11:21:00,Bait applied
4.8,40.762955,-73.989844,LumLum,"404 W 49th St, New York, NY 10019, USA",Initial,2025-01-28 11:24:20,Rat Activity
4.4,40.711396,-73.945484,Desy's Clam,"672 Grand St, Brooklyn, NY 11211, USA",Initial,2025-01-28 11:25:00,Failed for Rat Act
5.0,40.727483,-73.985694,Tin Parlour,"127 1st Ave, New York, NY 10003, USA",Treatments,2025-01-28 11:25:24,Bait applied
5.0,40.791049,-73.9448,Fansway Japanese Grill,"1911 3rd Ave, New York, NY 10029, USA",Treatments,2025-01-28 11:28:00,Bait applied
4.0,40.858194,-73.904219,Running Cool Restaurant,"2263 Jerome Ave, Bronx, NY 10453, USA",Initial,2025-01-28 11:46:00,Rat Activity
3.9,40.799163,-73.967024,Papa Johns Pizza,"896 Amsterdam Ave, New York, NY 10025, USA",Treatments,2025-01-28 11:47:06,Bait applied
4.1,40.718544,-73.997583,La Nonna,"134 Mulberry St, New York, NY 10013, USA",Compliance,2025-01-28 11:48:00,Rat Activity
4.6,40.793314,-73.943635,109 Pizzeria,"1976 3rd Ave, New York, NY 10029, USA",Treatments,2025-01-28 11:50:00,Bait applied
,40.762492,-73.988229,Golden Juice,"355 W 49th St, New York, NY 10019, USA",Compliance,2025-01-28 11:51:20,Rat Activity
3.0,40.85864,-73.904303,Best China House Chinese Restaurant,"9 W 183rd St, Bronx, NY 10453, USA",Initial,2025-01-28 11:55:09,Failed for Other R
,40.844476,-73.893796,Sammy's sweets,"630 E 176th St, Bronx, NY 10457, USA",Initial,2025-01-28 11:55:52,Failed for Other R
3.9,40.799163,-73.967024,Papa Johns Pizza,"896 Amsterdam Ave, New York, NY 10025, USA",Treatments,2025-01-28 11:57:06,Bait applied
4.3,40.813522,-73.944706,Chez Maty Et Sokhna (Keur Sokhna),"2249 Adam Clayton Powell Jr Blvd, New York, NY 10027, USA",Treatments,2025-01-28 11:57:49,Bait applied
4.7,40.755906,-73.967325,HACHE,"300 E 52nd St, New York, NY 10022, USA",Initial,2025-01-28 11:58:08,Failed for Rat Act
,40.844476,-73.893796,Sammy's sweets,"630 E 176th St, Bronx, NY 10457, USA",Initial,2025-01-28 11:59:52,Rat Activity
4.0,40.794075,-73.943117,El Chevere,"2000 3rd Ave, New York, NY 10029, USA",Treatments,2025-01-28 12:01:00,Monitoring visit
4.7,40.727245,-73.984901,Physical Graffitea,"96 St Marks Pl, New York, NY 10009, USA",Compliance,2025-01-28 12:02:25,Rat Activity
4.0,40.7192,-73.995381,Coffee,"118 Elizabeth St, New York, NY 10013, USA",Compliance,2025-01-28 12:03:00,Rat Activity
5.0,40.706001,-73.921756,Sazon De Abuela Food Truck,"41 Wyckoff Ave, Brooklyn, NY 11237, USA",Compliance,2025-01-28 12:03:35,Rat Activity
5.0,40.706001,-73.921756,Sazon De Abuela Food Truck,"41 Wyckoff Ave, Brooklyn, NY 11237, USA",Compliance,2025-01-28 12:03:35,Rat Activity
4.7,40.784065,-73.97803,Willet's Corner,"420 Amsterdam Ave, New York, NY 10024, USA",Initial,2025-01-28 12:12:00,Rat Activity
4.1,40.800098,-73.965747,Grain House 尚禾坊,"929 Amsterdam Ave, New York, NY 10025, USA",Treatments,2025-01-28 12:12:06,Bait applied
3.9,40.756162,-73.969344,Carol's Cafe,"217 E 51st St, New York, NY 10022, USA",Compliance,2025-01-28 12:16:08,Failed for Rat Act
4.8,40.729021,-73.98451,HAGS,"163 1st Ave, New York, NY 10003, USA",Compliance,2025-01-28 12:16:36,Rat Activity
5.0,40.85523,-73.889015,Afro Italiano,"2368 Hoffman St, Bronx, NY 10458, USA",Compliance,2025-01-28 12:23:52,Failed for Other R
5.0,40.85523,-73.889015,Afro Italiano,"2368 Hoffman St, Bronx, NY 10458, USA",Compliance,2025-01-28 12:23:52,Failed for Other R
5.0,40.85523,-73.889015,Afro Italiano,"2368 Hoffman St, Bronx, NY 10458, USA",Compliance,2025-01-28 12:23:52,Failed for Other R
5.0,40.85523,-73.889015,Afro Italiano,"2368 Hoffman St, Bronx, NY 10458, USA",Compliance,2025-01-28 12:23:52,Failed for Other R
5.0,40.85523,-73.889015,Afro Italiano,"2368 Hoffman St, Bronx, NY 10458, USA",Compliance,2025-01-28 12:23:52,Failed for Other R
5.0,40.85523,-73.889015,Afro Italiano,"2368 Hoffman St, Bronx, NY 10458, USA",Compliance,2025-01-28 12:23:52,Failed for Other R
5.0,40.85523,-73.889015,Afro Italiano,"2368 Hoffman St, Bronx, NY 10458, USA",Compliance,2025-01-28 12:23:52,Failed for Other R
5.0,40.85523,-73.889015,Afro Italiano,"2368 Hoffman St, Bronx, NY 10458, USA",Compliance,2025-01-28 12:23:52,Failed for Other R
5.0,40.85523,-73.889015,Afro Italiano,"2368 Hoffman St, Bronx, NY 10458, USA",Compliance,2025-01-28 12:23:52,Failed for Other R
5.0,40.85523,-73.889015,Afro Italiano,"2368 Hoffman St, Bronx, NY 10458, USA",Compliance,2025-01-28 12:23:52,Failed for Other R
4.7,40.784065,-73.97803,Willet's Corner,"420 Amsterdam Ave, New York, NY 10024, USA",Initial,2025-01-28 12:24:00,Rat Activity
4.2,40.705699,-73.910423,Lucy's Vietnamese - Ridgewood,"5-52 Onderdonk Ave, Ridgewood, NY 11385, USA",Initial,2025-01-28 12:27:00,Rat Activity
4.1,40.723756,-73.996936,MatchaBar,"70 Prince St, New York, NY 10012, USA",Compliance,2025-01-28 12:29:00,Rat Activity
4.1,40.723756,-73.996936,MatchaBar,"70 Prince St, New York, NY 10012, USA",Compliance,2025-01-28 12:29:00,Rat Activity
4.6,40.679654,-73.964752,Formosa,"43 Underhill Ave, Brooklyn, NY 11238, USA",Compliance,2025-01-28 12:30:00,Rat Activity
,40.784097,-73.978702,Julie's Beet,"210 W 80th St, New York, NY 10024, USA",Initial,2025-01-28 12:39:00,Failed for Other R
,40.700495,-73.923272,Chidocos Mexican Bar and Grill,"1433 Dekalb Ave, Brooklyn, NY 11237, USA",Compliance,2025-01-28 12:40:35,Rat Activity
4.6,40.678468,-73.96436,The BAKERY on Bergen,"740 Bergen St, Brooklyn, NY 11238, USA",Compliance,2025-01-28 12:41:38,Failed for Rat Act
4.2,40.637233,-73.897276,Richard's Restaurant and Bar,"9404 Avenue L, Brooklyn, NY 11236, USA",Compliance,2025-01-28 12:45:33,Rat Activity
4.3,40.762581,-73.796759,D'Anna's Deli & Pizzeria,"169-08 Crocheron Ave, Flushing, NY 11358, USA",Compliance,2025-01-28 13:00:00,Rat Activity
,40.700495,-73.923272,Chidocos Mexican Bar and Grill,"1433 Dekalb Ave, Brooklyn, NY 11237, USA",Initial,2025-01-28 13:00:35,Rat Activity
5.0,40.729872,-73.991051,Francesca's Bakery - Astor Place,"E 8th St &, Lafayette St, New York, NY 10003, USA",Compliance,2025-01-28 13:02:00,Rat Activity
3.7,40.622084,-74.027343,My Teriyaki Food Cart,"Between 4th and 5th Ave, 86th St, Brooklyn, NY 11209, USA",Treatments,2025-01-28 13:35:00,Bait applied
4.4,40.671472,-73.98464,Mura Sushi,"370 5th Ave, Brooklyn, NY 11215, USA",Treatments,2025-01-28 13:47:46,Bait applied
4.3,40.670629,-73.982034,Park Slope Ale House,"356 6th Ave, Brooklyn, NY 11215, USA",Treatments,2025-01-28 14:02:00,Bait applied
4.9,40.712015,-73.96274,Sump Coffee Brooklyn,"347A Bedford Ave, Brooklyn, NY 11211, USA",Initial,2025-01-28 14:15:00,Rat Activity
4.2,40.754684,-73.97056,Bukhara Grill Catering : Indian Weddings & Events ( Nationwide Catering),"216 E 49th St, New York, NY 10017, USA",Compliance,2025-01-28 14:32:08,Failed for Other R
4.6,40.851834,-73.93394,DONplinada,"645 W 184th St, New York, NY 10033, USA",Compliance,2025-01-28 14:35:17,Rat Activity
4.4,40.753556,-73.973625,Joy Curry & Tandoor,"148 E 46th St, New York, NY 10017, USA",Initial,2025-01-28 14:47:08,Failed for Rat Act
4.4,40.753556,-73.973625,Joy Curry & Tandoor,"148 E 46th St, New York, NY 10017, USA",Initial,2025-01-28 15:09:08,Failed for Rat Act
5.0,40.777749,-73.953801,Spoonable Spirits,"214 E 85th St, New York, NY 10028, USA",Compliance,2025-01-29 08:33:33,Rat Activity
4.9,40.727161,-73.984631,The Avenue Cafe NYC,"102 St Marks Pl, New York, NY 10009, USA",Compliance,2025-01-29 08:56:37,Rat Activity
4.9,40.727161,-73.984631,The Avenue Cafe NYC,"102 St Marks Pl, New York, NY 10009, USA",Compliance,2025-01-29 08:56:37,Rat Activity
4.9,40.727161,-73.984631,The Avenue Cafe NYC,"102 St Marks Pl, New York, NY 10009, USA",Compliance,2025-01-29 08:56:37,Rat Activity
4.5,40.751587,-73.825904,Nurlan Uyghur Restaurant,"43-39 Main St, Flushing, NY 11355, USA",Compliance,2025-01-29 08:59:00,Failed for Other R
4.3,40.734432,-73.998076,Alta,"64 W 10th St, New York, NY 10011, USA",Compliance,2025-01-29 08:59:00,Rat Activity
5.0,40.791049,-73.9448,Fansway Japanese Grill,"1911 3rd Ave, New York, NY 10029, USA",Treatments,2025-01-29 09:15:46,Bait applied
4.9,40.727161,-73.984631,The Avenue Cafe NYC,"102 St Marks Pl, New York, NY 10009, USA",Compliance,2025-01-29 09:16:43,Rat Activity
4.9,40.727161,-73.984631,The Avenue Cafe NYC,"102 St Marks Pl, New York, NY 10009, USA",Compliance,2025-01-29 09:16:43,Rat Activity
4.9,40.727161,-73.984631,The Avenue Cafe NYC,"102 St Marks Pl, New York, NY 10009, USA",Compliance,2025-01-29 09:16:43,Rat Activity
3.9,40.753869,-73.822433,Amazing Asia,"44-05 Kissena Blvd, Flushing, NY 11355, USA",Compliance,2025-01-29 09:21:00,Failed for Rat Act
5.0,40.724952,-73.978419,Gramwich LES,"131 Loisaida Ave, New York, NY 10009, USA",Stoppage,2025-01-29 09:30:00,Stoppage done
5.0,40.724952,-73.978419,Gramwich LES,"131 Loisaida Ave, New York, NY 10009, USA",Stoppage,2025-01-29 09:30:00,Stoppage done
4.8,40.733623,-73.999325,ANDIAMO PIZZA,"402 6th Ave, New York, NY 10011, USA",Compliance,2025-01-29 09:30:00,Rat Activity
,40.693608,-73.828543,Soup kettle,"118-06 Atlantic Ave, South Richmond Hill, NY 11419, USA",Compliance,2025-01-29 09:33:00,Rat Activity
,40.693608,-73.828543,Soup kettle,"118-06 Atlantic Ave, South Richmond Hill, NY 11419, USA",Compliance,2025-01-29 09:33:00,Rat Activity
4.6,40.749299,-73.889787,K&L Delicatessen,"76-01 37th Ave, Jackson Heights, NY 11372, USA",Initial,2025-01-29 09:37:00,Failed for Other R
5.0,40.715341,-73.991428,Clubhouse Sandos & Suds,"22 Orchard St, New York, NY 10002, USA",Treatments,2025-01-29 09:45:04,Bait applied
5.0,40.715341,-73.991428,Clubhouse Sandos & Suds,"22 Orchard St, New York, NY 10002, USA",Treatments,2025-01-29 09:45:04,Bait applied
5.0,40.715341,-73.991428,Clubhouse Sandos & Suds,"22 Orchard St, New York, NY 10002, USA",Treatments,2025-01-29 09:45:04,Bait applied
5.0,40.728582,-73.988113,Pizzeria By The Slice 36,"36 St Marks Pl, New York, NY 10003, USA",Stoppage,2025-01-29 09:49:00,Stoppage done
5.0,40.728582,-73.988113,Pizzeria By The Slice 36,"36 St Marks Pl, New York, NY 10003, USA",Stoppage,2025-01-29 09:49:00,Stoppage done
4.4,40.719653,-73.842579,The Cottage restaurant bar,"108-07 72nd Ave, Forest Hills, NY 11375, USA",Treatments,2025-01-29 09:50:53,Bait applied
,40.728584,-73.987907,NYC Best Burgers,"St Marks Pl, 2nd Ave, New York, NY 10003, USA",Stoppage,2025-01-29 09:52:00,Stoppage done
5.0,40.728896,-73.980451,The Community Boutique & Cafe,"515 E 12th St, New York, NY 10009, USA",Initial,2025-01-29 09:56:09,Rat Activity
5.0,40.728896,-73.980451,The Community Boutique & Cafe,"515 E 12th St, New York, NY 10009, USA",Initial,2025-01-29 09:56:09,Rat Activity
5.0,40.728896,-73.980451,The Community Boutique & Cafe,"515 E 12th St, New York, NY 10009, USA",Initial,2025-01-29 09:56:32,Rat Activity
5.0,40.728896,-73.980451,The Community Boutique & Cafe,"515 E 12th St, New York, NY 10009, USA",Initial,2025-01-29 09:56:32,Rat Activity
5.0,40.728896,-73.980451,The Community Boutique & Cafe,"515 E 12th St, New York, NY 10009, USA",Initial,2025-01-29 09:56:33,Rat Activity
5.0,40.728896,-73.980451,The Community Boutique & Cafe,"515 E 12th St, New York, NY 10009, USA",Initial,2025-01-29 09:56:33,Rat Activity
5.0,40.728896,-73.980451,The Community Boutique & Cafe,"515 E 12th St, New York, NY 10009, USA",Initial,2025-01-29 09:56:45,Rat Activity
5.0,40.728896,-73.980451,The Community Boutique & Cafe,"515 E 12th St, New York, NY 10009, USA",Initial,2025-01-29 09:56:45,Rat Activity
4.3,40.744357,-73.986098,Bourke Street Bakery,"15 E 28th St, New York, NY 10016, USA",Initial,2025-01-29 10:00:58,Failed for Other R
4.3,40.805406,-73.951326,The Ultimate Krave,"1980 Adam Clayton Powell Jr Blvd, New York, NY 10026, USA",Compliance,2025-01-29 10:14:00,Failed for Other R
4.3,40.805406,-73.951326,The Ultimate Krave,"1980 Adam Clayton Powell Jr Blvd, New York, NY 10026, USA",Compliance,2025-01-29 10:14:00,Failed for Other R
4.1,40.689473,-73.936507,Soul Food & Sea Food,"208 Lewis Ave, Brooklyn, NY 11221, USA",Compliance,2025-01-29 10:21:27,Rat Activity
4.1,40.689473,-73.936507,Soul Food & Sea Food,"208 Lewis Ave, Brooklyn, NY 11221, USA",Compliance,2025-01-29 10:21:27,Rat Activity
3.9,40.841431,-73.883278,Big Apple,"936 E Tremont Ave, Bronx, NY 10460, USA",Initial,2025-01-29 10:23:51,Failed for Other R
4.4,40.658575,-73.9507,HasenStüble,"1184 Nostrand Ave, Brooklyn, NY 11225, USA",Compliance,2025-01-29 10:28:59,Rat Activity
4.1,40.689473,-73.936507,Soul Food & Sea Food,"208 Lewis Ave, Brooklyn, NY 11221, USA",Compliance,2025-01-29 10:30:27,Rat Activity
4.1,40.689473,-73.936507,Soul Food & Sea Food,"208 Lewis Ave, Brooklyn, NY 11221, USA",Compliance,2025-01-29 10:30:27,Rat Activity
4.8,40.728959,-73.98061,House of Pasta NYC,"511 E 12th St, New York, NY 10009, USA",Compliance,2025-01-29 10:35:42,Rat Activity
5.0,40.731278,-74.000494,W4 NOODLE HOUSE,"144 W 4th St, New York, NY 10012, USA",Initial,2025-01-29 10:37:00,Rat Activity
5.0,40.731278,-74.000494,W4 NOODLE HOUSE,"144 W 4th St, New York, NY 10012, USA",Initial,2025-01-29 10:37:00,Rat Activity
4.3,40.82745,-73.920718,ASAP SNACK BAR,"909 Sheridan Ave, Bronx, NY 10451, USA",Treatments,2025-01-29 10:38:57,Bait applied
4.3,40.805406,-73.951326,The Ultimate Krave,"1980 Adam Clayton Powell Jr Blvd, New York, NY 10026, USA",Initial,2025-01-29 10:40:00,Failed for Rat Act
4.3,40.805406,-73.951326,The Ultimate Krave,"1980 Adam Clayton Powell Jr Blvd, New York, NY 10026, USA",Initial,2025-01-29 10:40:00,Failed for Rat Act
4.1,40.722058,-73.850618,Austin Street Bar & Grill (formerly Rotana Cafe & Grill),"68-60 Austin St Store 3, Forest Hills, NY 11375, USA",Treatments,2025-01-29 10:40:53,Bait applied
4.1,40.722058,-73.850618,Austin Street Bar & Grill (formerly Rotana Cafe & Grill),"68-60 Austin St Store 3, Forest Hills, NY 11375, USA",Treatments,2025-01-29 10:40:53,Bait applied
3.5,40.685285,-73.920704,Bed-Stuy Fish Fry,"801 Halsey St #1, Brooklyn, NY 11233, USA",Compliance,2025-01-29 10:49:33,Failed for Other R
4.7,40.791754,-73.972365,Sushi Tokyo Manhattan,"660 Amsterdam Ave, New York, NY 10025, USA",Initial,2025-01-29 10:52:00,Failed for Other R
,40.718967,-73.98725,Den Kushi Flori,"107 Norfolk St, New York, NY 10002, USA",Stoppage,2025-01-29 10:55:00,Stoppage done
4.5,40.725357,-73.983301,Nowon East Village,"507 E 6th St, New York, NY 10009, USA",Treatments,2025-01-29 10:57:04,Bait applied
4.3,40.82745,-73.920718,ASAP SNACK BAR,"909 Sheridan Ave, Bronx, NY 10451, USA",Treatments,2025-01-29 10:58:57,Bait applied
4.2,40.717328,-73.958476,Real Mexican (Food Truck),"124-160 N 6th St, Brooklyn, NY 11249, USA",Compliance,2025-01-29 11:00:00,Rat Activity
4.1,40.724138,-73.855352,Wholesome Organic Foods Russian Delicatessen and Live Fresh Fish Grocery Store,"67-05 Austin St, Forest Hills, NY 11375, USA",Treatments,2025-01-29 11:06:53,Bait applied
4.8,40.73199,-74.003996,West village cafe & restaurant,"70 7th Ave S, New York, NY 10014, USA",Compliance,2025-01-29 11:09:00,Rat Activity
4.7,40.693547,-73.998509,Laundry & Latte,"6 Columbia Pl, Brooklyn, NY 11201, USA",Compliance,2025-01-29 11:09:00,Rat Activity
4.8,40.724894,-73.983026,Terra Thai,"518 E 6th St, New York, NY 10009, USA",Treatments,2025-01-29 11:12:04,Bait applied
4.4,40.681561,-73.929001,Nana Ramen,"330 Malcolm X Blvd, Brooklyn, NY 11233, USA",Compliance,2025-01-29 11:19:33,Rat Activity
,40.864398,-73.890856,Casa de papo ramonsito,"2640 Marion Ave, Bronx, NY 10458, USA",Treatments,2025-01-29 11:20:00,Bait applied
5.0,40.716492,-73.959032,Simply Natural Grill House,"217 Bedford Ave, Brooklyn, NY 11211, USA",Initial,2025-01-29 11:20:00,Rat Activity
3.8,40.858229,-73.902707,Que Sabrosura! Restaurant & Bar,"48 E 183rd St, Bronx, NY 10453, USA",Compliance,2026-02-24 11:02:18,Rat Activity
3.8,40.814248,-73.936867,Lynx Kitchen,"1 W 137th St, New York, NY 10037, USA",Initial,2026-02-24 12:45:45,Rat Activity
3.8,40.814248,-73.936867,Lynx Kitchen,"1 W 137th St, New York, NY 10037, USA",Initial,2026-02-24 12:45:45,Rat Activity
3.8,40.814248,-73.936867,Lynx Kitchen,"1 W 137th St, New York, NY 10037, USA",Initial,2026-02-24 12:45:45,Rat Activity
3.8,40.814248,-73.936867,Lynx Kitchen,"1 W 137th St, New York, NY 10037, USA",Initial,2026-02-24 12:45:45,Rat Activity
4.6,40.708196,-74.004796,Playa Bowls,"50 Fulton St, New York, NY 10038, USA",Initial,2026-02-25 09:00:54,Failed for Rat Act
4.6,40.708196,-74.004796,Playa Bowls,"50 Fulton St, New York, NY 10038, USA",Initial,2026-02-25 09:00:54,Failed for Rat Act
5.0,40.85523,-73.889015,Afro Italiano,"2368 Hoffman St, Bronx, NY 10458, USA",Initial,2026-02-25 11:00:00,Failed for Other R
5.0,40.85523,-73.889015,Afro Italiano,"2368 Hoffman St, Bronx, NY 10458, USA",Initial,2026-02-25 11:00:00,Failed for Other R
5.0,40.85523,-73.889015,Afro Italiano,"2368 Hoffman St, Bronx, NY 10458, USA",Initial,2026-02-25 11:00:00,Failed for Other R
5.0,40.85523,-73.889015,Afro Italiano,"2368 Hoffman St, Bronx, NY 10458, USA",Initial,2026-02-25 11:00:00,Failed for Other R
5.0,40.85523,-73.889015,Afro Italiano,"2368 Hoffman St, Bronx, NY 10458, USA",Initial,2026-02-25 11:00:00,Failed for Other R
5.0,40.85523,-73.889015,Afro Italiano,"2368 Hoffman St, Bronx, NY 10458, USA",Initial,2026-02-25 11:00:00,Failed for Other R
5.0,40.85523,-73.889015,Afro Italiano,"2368 Hoffman St, Bronx, NY 10458, USA",Initial,2026-02-25 11:00:00,Failed for Other R
5.0,40.85523,-73.889015,Afro Italiano,"2368 Hoffman St, Bronx, NY 10458, USA",Initial,2026-02-25 11:00:00,Failed for Other R
5.0,40.85523,-73.889015,Afro Italiano,"2368 Hoffman St, Bronx, NY 10458, USA",Initial,2026-02-25 11:00:00,Failed for Other R
5.0,40.85523,-73.889015,Afro Italiano,"2368 Hoffman St, Bronx, NY 10458, USA",Initial,2026-02-25 11:00:00,Failed for Other R
3.3,40.803752,-73.935352,Teriyaki Madness,"203 E 125th St, New York, NY 10035, USA",Initial,2026-02-25 11:34:00,Failed for Other R
4.3,40.772299,-73.955236,Anand,"304 E 78th St, New York, NY 10075, USA",Initial,2026-02-25 12:09:00,Failed for Other R
,40.750611,-73.984351,AKRAM SIGNATURE,"16 w 37th St MOHAMED AKRAM, New York, NY 10018, USA",Compliance,2026-02-26 08:43:00,Failed for Other R
,40.88281,-73.902266,ethan and beyond,"5731 Broadway, Bronx, NY 10463, USA",Initial,2026-02-26 09:00:00,Failed for Other R
3.8,40.826171,-73.94356,New Golden Empire,"757 St Nicholas Ave, New York, NY 10031, USA",Treatments,2026-02-26 10:20:14,Bait applied
3.8,40.826171,-73.94356,New Golden Empire,"757 St Nicholas Ave, New York, NY 10031, USA",Treatments,2026-02-26 10:30:04,Bait applied
,40.803526,-73.952868,Catch 22,"St Nicholas Ave, New York, NY 10026, USA",Stoppage,2026-02-26 10:37:00,Stoppage done
4.6,40.829288,-73.944876,"Uptown Squeeze | Healthy Fresh Juice, Smoothie & Salad in Manhattan, NYC","1844 Amsterdam Ave, New York, NY 10031, USA",Treatments,2026-02-26 10:40:37,Bait applied
4.5,40.660079,-73.984237,Giovanni's Brooklyn Eats,"1666 8th Ave, Brooklyn, NY 11215, USA",Initial,2026-02-26 10:45:00,Failed for Rat Act
4.8,40.730951,-74.000766,D’Albano Food Truck,"137 W 3rd St, New York, NY 10012, USA",Compliance,2026-02-26 10:48:00,Rat Activity
4.7,40.8246,-73.951449,Lux Bar and Grill,"3480 Broadway, New York, NY 10031, USA",Treatments,2026-02-26 11:10:25,Bait applied
4.4,40.825148,-73.951065,Malecón Express Restaurant,"3500 Broadway, New York, NY 10031, USA",Treatments,2026-02-26 11:13:00,Bait applied
5.0,40.763624,-73.99236,Speakeasy the Living Room,"690 10th Ave, New York, NY 10019, USA",Initial,2026-02-26 11:15:59,Failed for Rat Act
5.0,40.763624,-73.99236,Speakeasy the Living Room,"690 10th Ave, New York, NY 10019, USA",Initial,2026-02-26 11:15:59,Failed for Rat Act
4.4,40.825148,-73.951065,Malecón Express Restaurant,"3500 Broadway, New York, NY 10031, USA",Treatments,2026-02-26 11:18:00,Bait applied
4.7,40.8246,-73.951449,Lux Bar and Grill,"3480 Broadway, New York, NY 10031, USA",Treatments,2026-02-26 11:20:56,Bait applied
4.6,40.854141,-73.886574,Antonio's Trattoria,"2370 Belmont Ave, Bronx, NY 10458, USA",Initial,2026-02-26 11:46:15,Failed for Other R
4.6,40.854141,-73.886574,Antonio's Trattoria,"2370 Belmont Ave, Bronx, NY 10458, USA",Initial,2026-02-26 11:54:15,Rat Activity
4.6,40.767832,-73.991588,Playa Bowls,"550 W 54th St, New York, NY 10019, USA",Compliance,2026-02-26 11:54:59,Rat Activity
5.0,40.825903,-73.947366,Texas Chicken & burger,"1734 Amsterdam Ave, New York, NY 10031, USA",Treatments,2026-02-26 12:37:50,Bait applied
5.0,40.825903,-73.947366,Texas Chicken & burger,"1734 Amsterdam Ave, New York, NY 10031, USA",Treatments,2026-02-26 12:42:50,Bait applied
4.4,40.825956,-73.946881,Village Chicken & Burger,"1739 Amsterdam Ave, New York, NY 10031, USA",Treatments,2026-02-26 12:48:50,Bait applied
4.4,40.825956,-73.946881,Village Chicken & Burger,"1739 Amsterdam Ave, New York, NY 10031, USA",Treatments,2026-02-26 12:48:50,Bait applied
4.4,40.825956,-73.946881,Village Chicken & Burger,"1739 Amsterdam Ave, New York, NY 10031, USA",Treatments,2026-02-26 12:53:50,Bait applied
4.4,40.825956,-73.946881,Village Chicken & Burger,"1739 Amsterdam Ave, New York, NY 10031, USA",Treatments,2026-02-26 12:53:50,Bait applied
4.6,40.826518,-73.950136,Yolanda’s Tamales,"Broadway &, W 145th St, New York, NY 10031, USA",Treatments,2026-02-26 13:00:20,Bait applied
4.6,40.829288,-73.944876,"Uptown Squeeze | Healthy Fresh Juice, Smoothie & Salad in Manhattan, NYC","1844 Amsterdam Ave, New York, NY 10031, USA",Treatments,2026-02-26 13:02:50,Bait applied
,40.830537,-73.854518,Blue Agave,"2062 Powell Ave, Bronx, NY 10472, USA",Initial,2026-02-27 08:40:24,Failed for Other R
4.3,40.828173,-73.920008,Yummy Happy Deli,"201 E 163rd St, Bronx, NY 10451, USA",Compliance,2026-02-27 09:10:50,Failed for Other R
,40.824324,-73.945424,Zeidy,"W 145th St, New York, NY 10031, USA",Treatments,2026-02-17 09:10:32,Bait applied
4.7,40.694533,-73.948884,Falkowitz Cakes And Desserts,"597 Marcy Ave, Brooklyn, NY 11206, USA",Initial,2026-02-17 09:29:06,Failed for Other R
3.8,40.826171,-73.94356,New Golden Empire,"757 St Nicholas Ave, New York, NY 10031, USA",Treatments,2026-02-17 09:33:01,Bait applied
4.4,40.753012,-73.969664,2nd ave Gourmet Deli,"884 2nd Ave, New York, NY 10017, USA",Stoppage,2026-02-17 09:34:00,Stoppage done
4.1,40.694008,-73.949236,U Like,"602 Marcy Ave, Brooklyn, NY 11206, USA",Initial,2026-02-17 09:35:31,Rat Activity
4.9,40.70188,-73.92411,Don Fidel's Nieve de Garrafa - Street Mexican Ice Cream,"282 Knickerbocker Ave, Brooklyn, NY 11237, USA",Treatments,2026-02-17 09:42:50,Bait applied
4.4,40.701745,-73.923291,Il Bel Paese Pizzeria & Trattoria,"305 Knickerbocker Ave, Brooklyn, NY 11237, USA",Treatments,2026-02-17 10:00:28,Bait applied
4.0,40.84819,-73.938017,Tu Cachapa 🇻🇪,"4195 Broadway, New York, NY 10033, USA",Treatments,2026-02-17 10:05:58,Bait applied
,40.68427,-73.956521,Laurie's Coffee Shop,"422 Franklin Ave, Brooklyn, NY 11238, USA",Initial,2026-02-17 10:22:27,Rat Activity
4.2,40.668003,-73.931333,Cinnabon,"294 Utica Ave, Brooklyn, NY 11213, USA",Initial,2026-02-17 10:30:09,Failed for Other R
4.2,40.668003,-73.931333,Cinnabon,"294 Utica Ave, Brooklyn, NY 11213, USA",Initial,2026-02-17 10:30:09,Failed for Other R
4.6,40.724503,-73.980209,Sake Bar Satsko,"between Avenue B and C, 202 E 7th St, New York, NY 10009, USA",Treatments,2026-02-17 10:40:50,Bait applied
4.1,40.70355,-73.942894,Mothers Seafood & More,"59 Graham Ave, Brooklyn, NY 11206, USA",Treatments,2026-02-17 11:00:29,Bait applied
4.2,40.732356,-73.984392,The Halal Guys,"307 E 14th St, New York, NY 10003, USA",Initial,2026-02-17 11:17:02,Rat Activity
4.5,40.728055,-73.981252,11th St. Bar,"510 E 11th St, New York, NY 10009, USA",Initial,2026-02-17 11:22:04,Failed for Other R
4.5,40.727889,-73.981071,High Demand Social Club,"516 E 11th St, New York, NY 10009, USA",Initial,2026-02-17 11:27:44,Failed for Other R
4.4,40.696992,-73.933678,Little Mo,"1158 Myrtle Ave, Brooklyn, NY 11221, USA",Compliance,2026-02-17 11:32:07,Rat Activity
4.8,40.842095,-73.924665,Guerrero’s Pizzeria,"1381 Ogden Ave, Bronx, NY 10452, USA",Compliance,2026-02-17 11:39:26,Failed for Rat Act
4.6,40.856533,-73.907386,Grand Express Deli Grocery,"Bronx, NY 10453, USA",Initial,2026-02-17 11:41:21,Failed for Other R
4.9,40.722734,-73.984679,COSMIC CAT COFFEE AND ESPRESSO,"170E E 2nd St, New York, NY 10009, USA",Treatments,2026-02-17 11:42:50,Bait applied
3.8,40.67765,-73.955177,Sushi Tatsu,"609 Franklin Ave, Brooklyn, NY 11238, USA",Initial,2026-02-17 11:45:44,Rat Activity
4.8,40.842095,-73.924665,Guerrero’s Pizzeria,"1381 Ogden Ave, Bronx, NY 10452, USA",Compliance,2026-02-17 11:49:26,Failed for Rat Act
2.1,40.729133,-73.78091,Breeza Cafe Restaurant,"188-02 Union Tpke, Hollis, NY 11423, USA",Initial,2026-02-17 11:50:17,Failed for Other R
