inspection_type,job_ticket_or_work_order_id,job_id,job_progress,bbl,boro_code,block,lot,house_number,street_name,zip_code,x_coord,y_coord,latitude,longitude,borough,inspection_date,result,approved_date,location,community_board,council_district,census_tract,bin,nta
Treatments,3079630,PC8707489,3,3011050049,3,1105,49,439,16 STREET,11215,989416,180059,40.660888642436,-73.981379998503,Brooklyn,2026-06-08T08:01:52.000,Bait applied,2026-06-08T13:50:57.000,"{'latitude': '40.660888642436', 'longitude': '-73.981379998503', 'human_address': '{""address"": """", ""city"": """", ""state"": """", ""zip"": """"}'}",7,39,169,3026716,Windsor Terrace-South Slope
Initial,14317223,PC8733530,1,,1,280,22,15,MARKET STREET,10002,,,40.713342653671,-73.994513473597,Manhattan,2026-06-08T08:11:57.000,Failed for Rat Activity,2026-06-09T10:05:20.000,"{'latitude': '40.713342653671', 'longitude': '-73.994513473597', 'human_address': '{""address"": """", ""city"": """", ""state"": """", ""zip"": """"}'}",3,1,8,,Chinatown-Two Bridges
Initial,14317118,PC8736222,1,,1,316,200,,GRAND STREET,10002,,,,,Manhattan,2026-06-08T08:20:41.000,Failed for Rat Activity and Other Reason,2026-06-09T10:34:13.000,,,,,,
Initial,14317224,PC8733636,1,1002800015,1,280,15,59,HENRY STREET,10002,,,40.71298310851,-73.994939148678,Manhattan,2026-06-08T08:21:00.000,Failed for Rat Activity,2026-06-09T10:06:34.000,"{'latitude': '40.71298310851', 'longitude': '-73.994939148678', 'human_address': '{""address"": """", ""city"": """", ""state"": """", ""zip"": """"}'}",3,1,8,1084612,Chinatown-Two Bridges
Initial,14317225,PC8733824,1,1002800013,1,280,13,45,HENRY STREET,10002,,,40.712936470038,-73.995480226478,Manhattan,2026-06-08T08:27:47.000,Failed for Rat Activity,2026-06-09T10:08:11.000,"{'latitude': '40.712936470038', 'longitude': '-73.995480226478', 'human_address': '{""address"": """", ""city"": """", ""state"": """", ""zip"": """"}'}",3,1,8,1077209,Chinatown-Two Bridges
Initial,14317089,PC8728066,1,3024560032,3,2456,32,111,SOUTH    6 STREET,11249,994102,198207,40.710696810676,-73.964463441322,Brooklyn,2026-06-08T08:28:00.000,Failed for Rat Activity and Other Reason,2026-06-09T12:50:38.000,"{'latitude': '40.710696810676', 'longitude': '-73.964463441322', 'human_address': '{""address"": """", ""city"": """", ""state"": """", ""zip"": """"}'}",1,34,549,3063547,Williamsburg
Initial,14317227,PC8733728,1,1002800010,1,280,10,41,HENRY STREET,10002,,,40.71292549697,-73.995635335149,Manhattan,2026-06-08T08:36:51.000,Failed for Rat Activity,2026-06-09T10:09:27.000,"{'latitude': '40.71292549697', 'longitude': '-73.995635335149', 'human_address': '{""address"": """", ""city"": """", ""state"": """", ""zip"": """"}'}",3,1,8,1003407,Chinatown-Two Bridges
Treatments,3079688,PC8413326,17,3050620014,3,5062,14,395,OCEAN AVENUE,11226,994901,177308,40.653332837848,-73.961614577385,Brooklyn,2026-06-08T08:40:47.000,Bait applied,2026-06-09T13:52:05.000,"{'latitude': '40.653332837848', 'longitude': '-73.961614577385', 'human_address': '{""address"": """", ""city"": """", ""state"": """", ""zip"": """"}'}",14,40,50803,3116136,Flatbush
Treatments,3079613,PC8569854,8,3008020001,3,802,1,5123,7 AVENUE,11220,982400,173068,40.64170120424,-74.006666097364,Brooklyn,2026-06-08T08:46:00.000,Bait applied,2026-06-08T13:40:39.000,"{'latitude': '40.64170120424', 'longitude': '-74.006666097364', 'human_address': '{""address"": """", ""city"": """", ""state"": """", ""zip"": """"}'}",7,43,10801,3013726,Sunset Park (Central)
Initial,14317228,PC8733568,1,1002800009,1,280,9,39,HENRY STREET,10002,,,40.712917265656,-73.995714693223,Manhattan,2026-06-08T08:46:00.000,Failed for Rat Activity,2026-06-09T10:11:04.000,"{'latitude': '40.712917265656', 'longitude': '-73.995714693223', 'human_address': '{""address"": """", ""city"": """", ""state"": """", ""zip"": """"}'}",3,1,8,1003406,Chinatown-Two Bridges
Initial,14316896,PC8731433,1,3012070034,3,1207,34,1316,PACIFIC STREET,11216,,,40.677508696749,-73.947413995155,Brooklyn,2026-06-08T08:47:00.000,Failed for Rat Activity,2026-06-09T08:05:44.000,"{'latitude': '40.677508696749', 'longitude': '-73.947413995155', 'human_address': '{""address"": """", ""city"": """", ""state"": """", ""zip"": """"}'}",8,36,315,3030053,Crown Heights (North)
Initial,14317286,PC8726042,1,3058730020,3,5873,20,428,BAYRIDGE AVENUE,11220,978003,170313,40.634137312472,-74.022507228359,Brooklyn,2026-06-08T08:54:50.000,Failed for Rat Activity,2026-06-09T19:11:04.000,"{'latitude': '40.634137312472', 'longitude': '-74.022507228359', 'human_address': '{""address"": """", ""city"": """", ""state"": """", ""zip"": """"}'}",10,47,130,3145735,Bay Ridge
Initial,14317133,PC8733992,1,1004180034,1,418,34,104,FORSYTH STREET,10002,986256,201062,40.7185384032,-73.992763423228,Manhattan,2026-06-08T08:55:00.000,Failed for Rat Activity,2026-06-09T11:00:12.000,"{'latitude': '40.7185384032', 'longitude': '-73.992763423228', 'human_address': '{""address"": """", ""city"": """", ""state"": """", ""zip"": """"}'}",3,1,18,1005563,Lower East Side
Initial,14316900,PC8730754,1,3012070030,3,1207,30,1308,PACIFIC STREET,11216,,,40.677522542717,-73.947680771912,Brooklyn,2026-06-08T08:59:23.000,Failed for Rat Activity,2026-06-09T08:08:54.000,"{'latitude': '40.677522542717', 'longitude': '-73.947680771912', 'human_address': '{""address"": """", ""city"": """", ""state"": """", ""zip"": """"}'}",8,36,315,3030049,Crown Heights (North)
Treatments,3079686,PC8283872,13,3050990025,3,5099,25,1,TENNIS COURT,11226,0,0,40.648420050785,-73.962734549472,Brooklyn,2026-06-08T09:00:47.000,Bait applied,2026-06-09T13:52:06.000,,14,40,51002,3117102,Flatbush
Treatments,3079668,PC8609166,6,2033330008,2,3333,8,3042,PERRY AVENUE,10467,,,40.872341116046,-73.880004618846,Bronx,2026-06-08T09:00:52.000,Bait applied,2026-06-08T14:13:07.000,"{'latitude': '40.872341116046', 'longitude': '-73.880004618846', 'human_address': '{""address"": """", ""city"": """", ""state"": """", ""zip"": """"}'}",7,11,425,2017937,Norwood
Initial,14316744,PC8726432,1,3047800042,3,4780,42,1330,UTICA AVENUE,11203,1003905,172584,40.640351031384,-73.92917865048,Brooklyn,2026-06-08T09:09:47.000,Failed for Other Reason,2026-06-09T10:15:32.000,"{'latitude': '40.640351031384', 'longitude': '-73.92917865048', 'human_address': '{""address"": """", ""city"": """", ""state"": """", ""zip"": """"}'}",17,45,840,3106187,East Flatbush-Farragut
Treatments,3079759,PC8700100,4,4019650004,4,1965,4,58-08,WALDRON STREET,11368,,,40.739142036255,-73.8524592894,Queens,2026-06-08T09:10:03.000,Bait applied,2026-06-09T08:24:13.000,"{'latitude': '40.739142036255', 'longitude': '-73.8524592894', 'human_address': '{""address"": """", ""city"": """", ""state"": """", ""zip"": """"}'}",4,21,43701,4048316,Corona
Initial,14317092,PC8732171,1,3024290035,3,2429,35,63,SOUTH    4 STREET,11249,993810,198967,40.712783156715,-73.96551561356,Brooklyn,2026-06-08T09:14:00.000,Failed for Rat Activity,2026-06-09T12:52:04.000,"{'latitude': '40.712783156715', 'longitude': '-73.96551561356', 'human_address': '{""address"": """", ""city"": """", ""state"": """", ""zip"": """"}'}",1,34,551,3063243,Williamsburg
Initial,14317232,PC8733770,1,1002800005,1,280,5,31,HENRY STREET,10002,,,40.712892573783,-73.996021303353,Manhattan,2026-06-08T09:14:50.000,Failed for Rat Activity,2026-06-09T10:14:58.000,"{'latitude': '40.712892573783', 'longitude': '-73.996021303353', 'human_address': '{""address"": """", ""city"": """", ""state"": """", ""zip"": """"}'}",3,1,8,1003402,Chinatown-Two Bridges
Treatments,3079662,PC8671334,4,2033350095,2,3335,95,3059,BAINBRIDGE AVENUE,10467,1017477,257485,40.873342785149,-73.879854552301,Bronx,2026-06-08T09:15:06.000,Bait applied,2026-06-08T14:16:02.000,"{'latitude': '40.873342785149', 'longitude': '-73.879854552301', 'human_address': '{""address"": """", ""city"": """", ""state"": """", ""zip"": """"}'}",7,11,419,2018004,Norwood
Compliance,14317105,PC8701094,2,1017890045,1,1789,45,212,EAST 125TH STREET,10035,,,40.803462426904,-73.935293080804,Manhattan,2026-06-08T09:17:44.000,Failed for Rat Activity,2026-06-09T14:14:34.000,"{'latitude': '40.803462426904', 'longitude': '-73.935293080804', 'human_address': '{""address"": """", ""city"": """", ""state"": """", ""zip"": """"}'}",11,8,242,1091703,East Harlem (North)
Initial,14316734,PC8734103,1,3027050022,3,2705,22,61,DRIGGS AVENUE,11222,1000489,202815,40.723335246033,-73.941414122703,Brooklyn,2026-06-08T09:17:47.000,Failed for Other Reason,2026-06-09T11:28:19.000,"{'latitude': '40.723335246033', 'longitude': '-73.941414122703', 'human_address': '{""address"": """", ""city"": """", ""state"": """", ""zip"": """"}'}",1,33,591,3067754,Greenpoint
Initial,14317233,PC8733612,1,1002800004,1,280,4,29,HENRY STREET,10002,,,40.71288708697,-73.996100661179,Manhattan,2026-06-08T09:18:00.000,Failed for Rat Activity,2026-06-09T10:16:01.000,"{'latitude': '40.71288708697', 'longitude': '-73.996100661179', 'human_address': '{""address"": """", ""city"": """", ""state"": """", ""zip"": """"}'}",3,1,8,1003401,Chinatown-Two Bridges
Initial,14316905,PC8730286,1,3012070011,3,1207,11,1272,PACIFIC STREET,11216,,,40.67758896066,-73.948884870769,Brooklyn,2026-06-08T09:18:23.000,Failed for Rat Activity,2026-06-09T08:10:11.000,"{'latitude': '40.67758896066', 'longitude': '-73.948884870769', 'human_address': '{""address"": """", ""city"": """", ""state"": """", ""zip"": """"}'}",8,36,315,3030043,Crown Heights (North)
Treatments,3079687,PC8622657,7,3050990068,3,5099,68,145,EAST   18 STREET,11226,994589,175269,40.647736602843,-73.962742139918,Brooklyn,2026-06-08T09:20:47.000,Bait applied,2026-06-09T13:52:07.000,"{'latitude': '40.647736602843', 'longitude': '-73.962742139918', 'human_address': '{""address"": """", ""city"": """", ""state"": """", ""zip"": """"}'}",14,40,512,3117110,Flatbush
Compliance,14316738,PC8709816,2,3027060005,3,2706,5,176,KINGSLAND AVENUE,11222,1000558,202613,40.72274773492,-73.94115849478,Brooklyn,2026-06-08T09:23:47.000,Failed for Rat Activity,2026-06-09T11:45:57.000,"{'latitude': '40.72274773492', 'longitude': '-73.94115849478', 'human_address': '{""address"": """", ""city"": """", ""state"": """", ""zip"": """"}'}",1,33,591,3067770,Greenpoint
Initial,14316746,PC8732119,1,3079490100,3,7949,100,5566,WHITTY LANE,11203,1005425,172625,40.640460050383,-73.923701624926,Brooklyn,2026-06-08T09:25:47.000,Failed for Other Reason,2026-06-09T10:14:44.000,"{'latitude': '40.640460050383', 'longitude': '-73.923701624926', 'human_address': '{""address"": """", ""city"": """", ""state"": """", ""zip"": """"}'}",17,45,94401,3222297,Flatlands
Initial,14317234,PC8733723,1,1002800003,1,280,3,27,HENRY STREET,10002,,,40.712878855214,-73.996176411991,Manhattan,2026-06-08T09:28:00.000,Failed for Rat Activity,2026-06-09T10:16:44.000,"{'latitude': '40.712878855214', 'longitude': '-73.996176411991', 'human_address': '{""address"": """", ""city"": """", ""state"": """", ""zip"": """"}'}",3,1,8,1003400,Chinatown-Two Bridges
Treatments,3079669,PC8651464,6,2033460010,2,3346,10,3210,PERRY AVENUE,10467,1018292,258059,40.87491513818,-73.876904671314,Bronx,2026-06-08T09:30:30.000,Bait applied,2026-06-08T14:12:48.000,"{'latitude': '40.87491513818', 'longitude': '-73.876904671314', 'human_address': '{""address"": """", ""city"": """", ""state"": """", ""zip"": """"}'}",7,11,42901,2018333,Norwood
Treatments,3079758,PC8684177,4,4019650001,4,1965,1,58-06,WALDRON STREET,11368,,,40.739150307656,-73.852488139744,Queens,2026-06-08T09:32:03.000,Bait applied,2026-06-09T08:23:46.000,"{'latitude': '40.739150307656', 'longitude': '-73.852488139744', 'human_address': '{""address"": """", ""city"": """", ""state"": """", ""zip"": """"}'}",4,21,43701,4048315,Corona
Initial,14317235,PC8733525,1,1002800002,1,280,2,25,HENRY STREET,10002,,,40.712873368294,-73.996255769787,Manhattan,2026-06-08T09:33:00.000,Failed for Rat Activity,2026-06-09T10:17:24.000,"{'latitude': '40.712873368294', 'longitude': '-73.996255769787', 'human_address': '{""address"": """", ""city"": """", ""state"": """", ""zip"": """"}'}",3,1,8,1003398,Chinatown-Two Bridges
Initial,14317134,PC8734029,1,1003840021,1,384,21,231,EAST    2 STREET,10009,989164,202144,40.721507099915,-73.982272119349,Manhattan,2026-06-08T09:35:00.000,Failed for Rat Activity,2026-06-09T11:02:45.000,"{'latitude': '40.721507099915', 'longitude': '-73.982272119349', 'human_address': '{""address"": """", ""city"": """", ""state"": """", ""zip"": """"}'}",3,2,2202,1000000,East Village
Initial,14316915,PC8728840,1,3012070072,3,1207,72,1197,DEAN STREET,11216,,,40.676853600771,-73.949426217017,Brooklyn,2026-06-08T09:37:23.000,Failed for Rat Activity and Other Reason,2026-06-09T08:18:50.000,"{'latitude': '40.676853600771', 'longitude': '-73.949426217017', 'human_address': '{""address"": """", ""city"": """", ""state"": """", ""zip"": """"}'}",8,36,315,3030088,Crown Heights (North)
Stoppage,3079733,PC8731750,1,3032590008,3,3259,8,171,irving  ave,11237,,,40.702193036796,-73.919955594937,Brooklyn,2026-06-08T09:43:00.000,Stoppage done,2026-06-09T10:10:33.000,"{'latitude': '40.702193036796', 'longitude': '-73.919955594937', 'human_address': '{""address"": """", ""city"": """", ""state"": """", ""zip"": """"}'}",4,37,443,3325596,Bushwick (West)
Compliance,14317062,PC8706030,2,1021070072,1,2107,72,935,ST NICHOLAS AVENUE,10032,1000583,242449,40.832120613327,-73.94097828134,Manhattan,2026-06-08T09:44:00.000,Failed for Rat Activity,2026-06-09T10:52:37.000,"{'latitude': '40.832120613327', 'longitude': '-73.94097828134', 'human_address': '{""address"": """", ""city"": """", ""state"": """", ""zip"": """"}'}",12,10,239,1062491,Washington Heights (South)
Initial,14316916,PC8729981,1,3012070071,3,1207,71,1199,DEAN STREET,11216,,,40.67685083212,-73.949372141081,Brooklyn,2026-06-08T09:44:23.000,Failed for Other Reason,2026-06-09T08:20:29.000,"{'latitude': '40.67685083212', 'longitude': '-73.949372141081', 'human_address': '{""address"": """", ""city"": """", ""state"": """", ""zip"": """"}'}",8,36,315,3030087,Crown Heights (North)
Initial,14316747,PC8732099,1,3079080001,3,7908,1,1269,RALPH AVENUE,11236,1006447,174445,40.64545303825,-73.92001311563,Brooklyn,2026-06-08T09:45:47.000,Failed for Other Reason,2026-06-09T10:14:20.000,"{'latitude': '40.64545303825', 'longitude': '-73.92001311563', 'human_address': '{""address"": """", ""city"": """", ""state"": """", ""zip"": """"}'}",17,42,934,3221654,East Flatbush-Remsen Village
Treatments,3079673,PC8639109,6,2033350118,2,3335,118,3191,ROCHAMBEAU AVENUE,10467,1017271,258467,40.876038878775,-73.880594567547,Bronx,2026-06-08T09:45:52.000,Bait applied,2026-06-08T14:11:23.000,"{'latitude': '40.876038878775', 'longitude': '-73.880594567547', 'human_address': '{""address"": """", ""city"": """", ""state"": """", ""zip"": """"}'}",7,11,419,2018006,Norwood
Treatments,3079757,PC8684175,4,4019640164,4,1964,164,57-42,WALDRON STREET,11368,,,40.73935147611,-73.853111980854,Queens,2026-06-08T09:47:03.000,Bait applied,2026-06-09T08:23:34.000,"{'latitude': '40.73935147611', 'longitude': '-73.853111980854', 'human_address': '{""address"": """", ""city"": """", ""state"": """", ""zip"": """"}'}",4,21,43701,4048312,Corona
Initial,14316918,PC8731527,1,3012070070,3,1207,70,1201,DEAN STREET,11216,,,40.676848063445,-73.94931806515,Brooklyn,2026-06-08T09:47:23.000,Failed for Rat Activity,2026-06-09T08:21:03.000,"{'latitude': '40.676848063445', 'longitude': '-73.94931806515', 'human_address': '{""address"": """", ""city"": """", ""state"": """", ""zip"": """"}'}",8,36,315,3030086,Crown Heights (North)
Initial,14316757,PC8726336,1,3027370004,3,2737,4,291,MEEKER AVENUE,11211,998298,200594,40.717105857849,-73.94980679854,Brooklyn,2026-06-08T09:49:47.000,Failed for Rat Activity,2026-06-09T11:32:52.000,"{'latitude': '40.717105857849', 'longitude': '-73.94980679854', 'human_address': '{""address"": """", ""city"": """", ""state"": """", ""zip"": """"}'}",1,34,515,3322778,Williamsburg
Initial,14316922,PC8728898,1,3012070067,3,1207,67,1207,DEAN STREET,11216,,,40.676837010891,-73.949152234281,Brooklyn,2026-06-08T09:52:23.000,Failed for Other Reason,2026-06-09T08:23:07.000,"{'latitude': '40.676837010891', 'longitude': '-73.949152234281', 'human_address': '{""address"": """", ""city"": """", ""state"": """", ""zip"": """"}'}",8,36,315,3030083,Crown Heights (North)
Initial,14316710,PC8728418,1,3027500009,3,2750,9,398,GRAHAM AVENUE,11211,999578,200337,40.716535345059,-73.944706425892,Brooklyn,2026-06-08T09:53:00.000,Failed for Rat Activity,2026-06-09T12:30:20.000,"{'latitude': '40.716535345059', 'longitude': '-73.944706425892', 'human_address': '{""address"": """", ""city"": """", ""state"": """", ""zip"": """"}'}",1,34,497,3068459,East Williamsburg
Treatments,3079609,PC8534887,9,3007000058,3,700,58,323,38 st,11232,,,40.653896260189,-74.006735795779,Brooklyn,2026-06-08T09:56:00.000,Bait applied,2026-06-08T13:43:13.000,"{'latitude': '40.653896260189', 'longitude': '-74.006735795779', 'human_address': '{""address"": """", ""city"": """", ""state"": """", ""zip"": """"}'}",7,38,84,3010392,Sunset Park (West)
Compliance,14317094,PC8701664,2,3024170019,3,2417,19,130,SOUTH    2 STREET,11249,994616,199209,40.713446479627,-73.962607874207,Brooklyn,2026-06-08T09:57:00.000,Failed for Rat Activity,2026-06-09T12:54:19.000,"{'latitude': '40.713446479627', 'longitude': '-73.962607874207', 'human_address': '{""address"": """", ""city"": """", ""state"": """", ""zip"": """"}'}",1,34,551,3063095,Williamsburg
Treatments,3079621,PC8406974,13,3010340048,3,1034,48,237,14 STREET,11215,987172,182099,40.666489018492,-73.989467241605,Brooklyn,2026-06-08T09:58:02.000,Bait applied,2026-06-08T13:58:53.000,"{'latitude': '40.666489018492', 'longitude': '-73.989467241605', 'human_address': '{""address"": """", ""city"": """", ""state"": """", ""zip"": """"}'}",6,38,14101,3325084,Park Slope
Treatments,3079672,PC8510562,12,2033350135,2,3335,135,189,EAST MOSHOLU PARKWAY NORTH,10467,1017027,258157,40.875188927901,-73.881478404073,Bronx,2026-06-08T10:00:03.000,Bait applied,2026-06-08T14:11:46.000,"{'latitude': '40.875188927901', 'longitude': '-73.881478404073', 'human_address': '{""address"": """", ""city"": """", ""state"": """", ""zip"": """"}'}",7,11,419,2018012,Norwood
Initial,14316725,PC8735250,1,,2,2539,2,000,EXTERIOR STREET,,,,0.00000000000000000000,0.00000000000000000000,Bronx,2026-06-08T10:00:45.000,Failed for Rat Activity and Other Reason,2026-06-09T14:11:55.000,"{'latitude': '0.0', 'longitude': '0.0', 'human_address': '{""address"": """", ""city"": """", ""state"": """", ""zip"": """"}'}",,,,,
Treatments,3079773,PC8622504,6,1014400013,1,1440,13,325,EAST   65 STREET,10065,995097,217644,40.764045608764,-73.960842976035,Manhattan,2026-06-08T10:00:48.000,Bait applied,2026-06-09T09:13:30.000,"{'latitude': '40.764045608764', 'longitude': '-73.960842976035', 'human_address': '{""address"": """", ""city"": """", ""state"": """", ""zip"": """"}'}",8,5,118,1044712,Upper East Side-Lenox Hill-Roosevelt Island
Stoppage,3079731,PC8732455,1,3032690050,3,3269,50,237,HIMROD STREET,11237,,,40.700287969552,-73.919676585943,Brooklyn,2026-06-08T10:01:00.000,Stoppage done,2026-06-09T10:09:36.000,"{'latitude': '40.700287969552', 'longitude': '-73.919676585943', 'human_address': '{""address"": """", ""city"": """", ""state"": """", ""zip"": """"}'}",4,37,431,3074513,Bushwick (West)
Initial,14316753,PC8725961,1,3079120051,3,7912,51,238,EAST   88 STREET,11236,1007275,175323,40.647860832551,-73.917026411158,Brooklyn,2026-06-08T10:03:47.000,Failed for Other Reason,2026-06-09T10:13:17.000,"{'latitude': '40.647860832551', 'longitude': '-73.917026411158', 'human_address': '{""address"": """", ""city"": """", ""state"": """", ""zip"": """"}'}",17,42,930,3221865,East Flatbush-Remsen Village
Initial,14317475,PC8735227,1,1003910011,1,391,11,608,EAST    9 STREET,10009,989904,203765,40.725955923015,-73.979601108148,Manhattan,2026-06-08T10:04:36.000,Failed for Rat Activity and Other Reason,2026-06-09T13:21:13.000,"{'latitude': '40.725955923015', 'longitude': '-73.979601108148', 'human_address': '{""address"": """", ""city"": """", ""state"": """", ""zip"": """"}'}",3,2,2602,1004739,East Village
Initial,14316711,PC8732505,1,3028930052,3,2893,52,45,MASPETH AVENUE,11211,1000647,200002,40.715613923774,-73.94085098113,Brooklyn,2026-06-08T10:07:00.000,Failed for Rat Activity,2026-06-09T12:13:53.000,"{'latitude': '40.715613923774', 'longitude': '-73.94085098113', 'human_address': '{""address"": """", ""city"": """", ""state"": """", ""zip"": """"}'}",1,34,477,3348032,East Williamsburg
Initial,14317097,PC8734011,1,3024050044,3,2405,44,107,SOUTH    2 STREET,11249,994438,199301,40.713699205902,-73.963249814087,Brooklyn,2026-06-08T10:09:00.000,Failed for Rat Activity and Other Reason,2026-06-09T12:48:16.000,"{'latitude': '40.713699205902', 'longitude': '-73.963249814087', 'human_address': '{""address"": """", ""city"": """", ""state"": """", ""zip"": """"}'}",1,34,551,3062954,Williamsburg
Treatments,3079608,PC8534761,9,3006800026,3,680,26,140,32 st,11232,,,40.657096830847,-74.003031073875,Brooklyn,2026-06-08T10:11:00.000,Bait applied,2026-06-08T13:43:49.000,"{'latitude': '40.657096830847', 'longitude': '-74.003031073875', 'human_address': '{""address"": """", ""city"": """", ""state"": """", ""zip"": """"}'}",7,38,101,3010079,Sunset Park (West)
Initial,14317136,PC8735226,1,1003910012,1,391,12,610,EAST    9 STREET,10009,989912,203760,40.725942194047,-73.979572249419,Manhattan,2026-06-08T10:11:38.000,Failed for Rat Activity,2026-06-09T11:31:32.000,"{'latitude': '40.725942194047', 'longitude': '-73.979572249419', 'human_address': '{""address"": """", ""city"": """", ""state"": """", ""zip"": """"}'}",3,2,2602,1004740,East Village
Treatments,3079622,PC8414703,14,3010420018,3,1042,18,280,14 STREET,11215,987610,181814,40.665706600874,-73.987888551845,Brooklyn,2026-06-08T10:12:33.000,Bait applied,2026-06-08T13:58:12.000,"{'latitude': '40.665706600874', 'longitude': '-73.987888551845', 'human_address': '{""address"": """", ""city"": """", ""state"": """", ""zip"": """"}'}",6,39,14101,3023701,Park Slope
Initial,14316943,PC8728760,1,3012070052,3,1207,52,1237,DEAN STREET,11216,,,40.676792721995,-73.94831946703,Brooklyn,2026-06-08T10:12:39.000,Failed for Rat Activity,2026-06-09T08:56:58.000,"{'latitude': '40.676792721995', 'longitude': '-73.94831946703', 'human_address': '{""address"": """", ""city"": """", ""state"": """", ""zip"": """"}'}",8,36,315,3030068,Crown Heights (North)
Compliance,14317064,PC8632412,8,1021160001,1,2116,1,3780,BROADWAY,10032,,,40.834142641001,-73.944799837788,Manhattan,2026-06-08T10:13:00.000,Failed for Rat Activity,2026-06-09T10:55:43.000,"{'latitude': '40.834142641001', 'longitude': '-73.944799837788', 'human_address': '{""address"": """", ""city"": """", ""state"": """", ""zip"": """"}'}",12,10,241,1084194,Washington Heights (South)
Initial,14316945,PC8729901,1,3012070050,3,1207,50,1241,DEAN STREET,11216,,,40.676787181996,-73.948207710155,Brooklyn,2026-06-08T10:14:39.000,Failed for Other Reason,2026-06-09T08:58:04.000,"{'latitude': '40.676787181996', 'longitude': '-73.948207710155', 'human_address': '{""address"": """", ""city"": """", ""state"": """", ""zip"": """"}'}",8,36,315,3030066,Crown Heights (North)
Treatments,3079661,PC8686706,4,2033270063,2,3327,63,55,EAST  210 STREET,10467,1016844,259979,40.880190490974,-73.882131231757,Bronx,2026-06-08T10:15:07.000,Bait applied,2026-06-08T14:16:20.000,"{'latitude': '40.880190490974', 'longitude': '-73.882131231757', 'human_address': '{""address"": """", ""city"": """", ""state"": """", ""zip"": """"}'}",7,11,421,2017765,Norwood
Initial,14317149,PC8734365,1,,1,301,3,36,FORSYTH STREET,10002,,,40.715892524283,-73.994120064768,Manhattan,2026-06-08T10:15:52.000,Failed for Rat Activity and Other Reason,2026-06-09T09:39:49.000,"{'latitude': '40.715892524283', 'longitude': '-73.994120064768', 'human_address': '{""address"": """", ""city"": """", ""state"": """", ""zip"": """"}'}",3,1,16,,Chinatown-Two Bridges
Stoppage,3079735,PC8727710,1,3032460050,3,3246,50,167,Stockholm Street,11237,,,40.69963127773,-73.922663512869,Brooklyn,2026-06-08T10:16:00.000,Stoppage done,2026-06-09T10:09:15.000,"{'latitude': '40.69963127773', 'longitude': '-73.922663512869', 'human_address': '{""address"": """", ""city"": """", ""state"": """", ""zip"": """"}'}",4,37,429,3073849,Bushwick (West)
Compliance,14317208,PC8652327,5,1016440156,1,1644,156,142,EAST 117 STREET,10035,,,40.799436458008,-73.941484138994,Manhattan,2026-06-08T10:16:08.000,Failed for Rat Activity and Other Reason,2026-06-09T09:08:30.000,"{'latitude': '40.799436458008', 'longitude': '-73.941484138994', 'human_address': '{""address"": """", ""city"": """", ""state"": """", ""zip"": """"}'}",11,8,182,1052330,East Harlem (North)
Compliance,14317108,PC8690797,5,1017510066,1,1751,66,14,EAST  127 STREET,10035,1000655,233463,40.807456229457,-73.940740151038,Manhattan,2026-06-08T10:16:44.000,Failed for Rat Activity and Other Reason,2026-06-09T14:45:53.000,"{'latitude': '40.807456229457', 'longitude': '-73.940740151038', 'human_address': '{""address"": """", ""city"": """", ""state"": """", ""zip"": """"}'}",11,9,206,1054125,East Harlem (North)
Compliance,14316712,PC8716729,2,3027640020,3,2764,20,726,METROPOLITAN AVENUE,11211,999506,199582,40.714463170187,-73.9449678732,Brooklyn,2026-06-08T10:19:00.000,Failed for Rat Activity,2026-06-09T12:32:28.000,"{'latitude': '40.714463170187', 'longitude': '-73.9449678732', 'human_address': '{""address"": """", ""city"": """", ""state"": """", ""zip"": """"}'}",1,34,497,3068869,East Williamsburg
Treatments,3079761,PC8661454,5,4031180059,4,3118,59,62-46,DIETERLE CRESCENT,11374,1021976,203207,40.724345400557,-73.863892778626,Queens,2026-06-08T10:20:03.000,Bait applied,2026-06-09T08:24:33.000,"{'latitude': '40.724345400557', 'longitude': '-73.863892778626', 'human_address': '{""address"": """", ""city"": """", ""state"": """", ""zip"": """"}'}",6,30,69702,4073539,Rego Park
Treatments,3079774,PC8608648,9,1014000039,1,1400,39,1126,3 AVENUE,10065,994358,218273,40.765772940149,-73.963509772169,Manhattan,2026-06-08T10:20:18.000,Bait applied,2026-06-09T09:13:57.000,"{'latitude': '40.765772940149', 'longitude': '-73.963509772169', 'human_address': '{""address"": """", ""city"": """", ""state"": """", ""zip"": """"}'}",8,4,120,1042434,Upper East Side-Carnegie Hill
Stoppage,3079734,PC8727709,1,3032460022,3,3246,22,1436,Dekalb Avenue,11237,,,40.700457679397,-73.922997953643,Brooklyn,2026-06-08T10:24:00.000,Stoppage done,2026-06-09T10:09:20.000,"{'latitude': '40.700457679397', 'longitude': '-73.922997953643', 'human_address': '{""address"": """", ""city"": """", ""state"": """", ""zip"": """"}'}",4,37,429,3073829,Bushwick (West)
Initial,14316857,PC8730840,1,1019430147,1,1943,147,390,MANHATTAN AVENUE,10026,,,40.805393755815,-73.956538110413,Manhattan,2026-06-08T10:25:00.000,Failed for Rat Activity,2026-06-09T12:48:29.000,"{'latitude': '40.805393755815', 'longitude': '-73.956538110413', 'human_address': '{""address"": """", ""city"": """", ""state"": """", ""zip"": """"}'}",10,9,20102,1059049,Harlem (South)
Compliance,14317368,PC8612110,6,2033120068,2,3312,68,169,EAST 205 STREET,10458,,,40.875286175938,-73.885350972831,Bronx,2026-06-08T10:25:03.000,Failed for Rat Activity,2026-06-09T10:31:17.000,"{'latitude': '40.875286175938', 'longitude': '-73.885350972831', 'human_address': '{""address"": """", ""city"": """", ""state"": """", ""zip"": """"}'}",7,11,413,2017392,Bedford Park
Initial,14317442,PC8732441,1,2028500034,2,2850,34,55,EAST  175 STREET,10453,1008798,247965,40.847241485318,-73.911271909037,Bronx,2026-06-08T10:25:55.000,Failed for Other Reason,2026-06-09T10:52:06.000,"{'latitude': '40.847241485318', 'longitude': '-73.911271909037', 'human_address': '{""address"": """", ""city"": """", ""state"": """", ""zip"": """"}'}",5,14,22701,2115885,Mount Hope
Treatments,3079607,PC8503584,14,3006610004,3,661,4,793,4 ave,11232,,,40.659007236057,-73.999509824141,Brooklyn,2026-06-08T10:26:00.000,Bait applied,2026-06-08T13:44:33.000,"{'latitude': '40.659007236057', 'longitude': '-73.999509824141', 'human_address': '{""address"": """", ""city"": """", ""state"": """", ""zip"": """"}'}",7,38,101,3009756,Sunset Park (West)
Treatments,3079633,PC8622808,5,2030790001,2,3079,1,1963,Belmont Ave.,10457,,,40.846014200549,-73.89161840132,Bronx,2026-06-08T10:26:14.000,Bait applied,2026-06-08T14:39:22.000,"{'latitude': '40.846014200549', 'longitude': '-73.89161840132', 'human_address': '{""address"": """", ""city"": """", ""state"": """", ""zip"": """"}'}",6,15,373,2092276,Tremont
Initial,14316713,PC8732016,1,3027640019,3,2764,19,724,METROPOLITAN AVENUE,11211,999493,199581,40.714457703145,-73.945014771916,Brooklyn,2026-06-08T10:27:00.000,Failed for Other Reason,2026-06-09T12:25:12.000,"{'latitude': '40.714457703145', 'longitude': '-73.945014771916', 'human_address': '{""address"": """", ""city"": """", ""state"": """", ""zip"": """"}'}",1,34,497,3068868,East Williamsburg
Compliance,14317269,PC8651806,5,1016440059,1,1644,59,136,EAST 117 STREET,10035,,,40.799491419149,-73.941614117842,Manhattan,2026-06-08T10:29:08.000,Failed for Rat Activity,2026-06-09T09:10:51.000,"{'latitude': '40.799491419149', 'longitude': '-73.941614117842', 'human_address': '{""address"": """", ""city"": """", ""state"": """", ""zip"": """"}'}",11,8,182,1052315,East Harlem (North)
Treatments,3079620,PC8629182,7,3010040034,3,1004,34,268,8 STREET,11215,988010,183409,40.670084359276,-73.986445819759,Brooklyn,2026-06-08T10:29:45.000,Bait applied,2026-06-08T13:59:42.000,"{'latitude': '40.670084359276', 'longitude': '-73.986445819759', 'human_address': '{""address"": """", ""city"": """", ""state"": """", ""zip"": """"}'}",6,39,137,3022090,Park Slope
Treatments,3079664,PC8611707,9,2033270060,2,3327,60,3405,KOSSUTH AVENUE,10467,,,40.880308079411,-73.881707917657,Bronx,2026-06-08T10:30:13.000,Bait applied,2026-06-08T14:15:23.000,"{'latitude': '40.880308079411', 'longitude': '-73.881707917657', 'human_address': '{""address"": """", ""city"": """", ""state"": """", ""zip"": """"}'}",7,11,421,2017764,Norwood
Initial,14316859,PC8731243,1,1019430019,1,1943,19,386,MANHATTAN AVENUE,10026,,,40.805256556735,-73.956639341508,Manhattan,2026-06-08T10:33:00.000,Failed for Rat Activity,2026-06-09T12:53:19.000,"{'latitude': '40.805256556735', 'longitude': '-73.956639341508', 'human_address': '{""address"": """", ""city"": """", ""state"": """", ""zip"": """"}'}",10,9,20102,1059013,Harlem (South)
Compliance,14317065,PC8641306,9,1021220015,1,2122,15,535,WEST 162 STREET,10032,,,40.836495710036,-73.940945473923,Manhattan,2026-06-08T10:35:00.000,Failed for Rat Activity,2026-06-09T10:57:41.000,"{'latitude': '40.836495710036', 'longitude': '-73.940945473923', 'human_address': '{""address"": """", ""city"": """", ""state"": """", ""zip"": """"}'}",12,10,245,1062919,Washington Heights (South)
Treatments,3079765,PC8709188,3,4031410053,4,3141,53,85-19,67 AVENUE,11374,1022600,200710,40.717489031482,-73.861655808159,Queens,2026-06-08T10:35:03.000,Bait applied,2026-06-09T08:25:14.000,"{'latitude': '40.717489031482', 'longitude': '-73.861655808159', 'human_address': '{""address"": """", ""city"": """", ""state"": """", ""zip"": """"}'}",6,30,703,4074142,Rego Park
Compliance,14316750,PC8464883,15,3046950029,3,4695,29,468,E 48 Street,11203,,,40.65049208879,-73.93220942908,Brooklyn,2026-06-08T10:37:47.000,Failed for Rat Activity,2026-06-09T10:13:44.000,"{'latitude': '40.65049208879', 'longitude': '-73.93220942908', 'human_address': '{""address"": """", ""city"": """", ""state"": """", ""zip"": """"}'}",17,45,860,3102766,East Flatbush-Rugby
Compliance,14317370,PC8621740,6,2033090061,2,3309,61,200,EAST MOSHOLU PARKWAY SOUTH,10458,1016512,257616,40.873705937736,-73.883343256538,Bronx,2026-06-08T10:38:38.000,Failed for Rat Activity,2026-06-09T10:36:06.000,"{'latitude': '40.873705937736', 'longitude': '-73.883343256538', 'human_address': '{""address"": """", ""city"": """", ""state"": """", ""zip"": """"}'}",7,11,413,2017286,Bedford Park
Treatments,3079637,PC8682549,4,2031020060,2,3102,60,749,EAST 183 STREET,10458,,,40.851600695152,-73.88415933888,Bronx,2026-06-08T10:41:01.000,Bait applied,2026-06-08T14:38:25.000,"{'latitude': '40.851600695152', 'longitude': '-73.88415933888', 'human_address': '{""address"": """", ""city"": """", ""state"": """", ""zip"": """"}'}",6,15,393,2012851,Belmont
Compliance,14317111,PC8719165,2,1017780006,1,1778,6,123,EAST 129 STREET,10035,,,40.807074870969,-73.935928929646,Manhattan,2026-06-08T10:42:44.000,Failed for Rat Activity,2026-06-09T15:26:53.000,"{'latitude': '40.807074870969', 'longitude': '-73.935928929646', 'human_address': '{""address"": """", ""city"": """", ""state"": """", ""zip"": """"}'}",11,9,242,1054510,East Harlem (North)
Treatments,3079775,PC8634214,5,1014680014,1,1468,14,423,East 73 street,10021,,,40.768193462706,-73.954804329599,Manhattan,2026-06-08T10:43:46.000,Bait applied,2026-06-09T09:14:18.000,"{'latitude': '40.768193462706', 'longitude': '-73.954804329599', 'human_address': '{""address"": """", ""city"": """", ""state"": """", ""zip"": """"}'}",8,5,124,1045871,Upper East Side-Lenox Hill-Roosevelt Island
Compliance,14317095,PC8715808,2,3023407502,3,2340,7502,20,NORTH    5 STREET,11249,994462,201367,40.719369868892,-73.963160094919,Brooklyn,2026-06-08T10:45:00.000,Failed for Other Reason,2026-06-09T12:58:06.000,"{'latitude': '40.719369868892', 'longitude': '-73.963160094919', 'human_address': '{""address"": """", ""city"": """", ""state"": """", ""zip"": """"}'}",1,33,555,3391206,Williamsburg
Compliance,14316824,PC8715466,1,1002110016,1,211,16,1,LISPENARD STREET,10013,,,40.720539457665,-74.005010921281,Manhattan,2026-06-08T10:45:32.000,Failed for Rat Activity,2026-06-09T12:36:15.000,"{'latitude': '40.720539457665', 'longitude': '-74.005010921281', 'human_address': '{""address"": """", ""city"": """", ""state"": """", ""zip"": """"}'}",1,1,33,1002726,Tribeca-Civic Center
Treatments,3079660,PC8699483,4,2033270124,2,3327,124,3459,DEKALB AVENUE,10467,1017125,260497,40.881611209879,-73.881112508429,Bronx,2026-06-08T10:45:45.000,Bait applied,2026-06-08T14:16:48.000,"{'latitude': '40.881611209879', 'longitude': '-73.881112508429', 'human_address': '{""address"": """", ""city"": """", ""state"": """", ""zip"": """"}'}",7,11,421,2017778,Norwood
Compliance,14317104,PC8671270,2,1018420019,1,1842,19,23,WEST  106 STREET,10025,,,40.798393457988,-73.960858812084,Manhattan,2026-06-08T10:46:12.000,Failed for Rat Activity,2026-06-09T11:21:45.000,"{'latitude': '40.798393457988', 'longitude': '-73.960858812084', 'human_address': '{""address"": """", ""city"": """", ""state"": """", ""zip"": """"}'}",7,7,193,1055652,Upper West Side-Manhattan Valley
Initial,14317245,PC8734321,1,,1,288,76,HENRY,STREET,10002,,,,,Manhattan,2026-06-08T10:47:40.000,Failed for Rat Activity,2026-06-09T10:18:16.000,,,,,,
Initial,14317200,PC8728024,1,4005230002,4,523,2,13-06,34 AVENUE,11106,1001921,217579,40.763856150823,-73.936208921082,Queens,2026-06-08T10:48:00.000,Failed for Rat Activity and Other Reason,2026-06-09T09:27:37.000,"{'latitude': '40.763856150823', 'longitude': '-73.936208921082', 'human_address': '{""address"": """", ""city"": """", ""state"": """", ""zip"": """"}'}",1,26,43,4430808,Queensbridge-Ravenswood-Dutch Kills
Initial,14316715,PC8733413,1,3027770006,3,2777,6,304,GRAHAM AVENUE,11211,999748,198988,40.712832355578,-73.944096292919,Brooklyn,2026-06-08T10:49:00.000,Failed for Rat Activity,2026-06-09T12:13:03.000,"{'latitude': '40.712832355578', 'longitude': '-73.944096292919', 'human_address': '{""address"": """", ""city"": """", ""state"": """", ""zip"": """"}'}",1,34,495,3069263,East Williamsburg
Compliance,14317137,PC8716299,2,1004067501,1,406,7501,212,AVENUE B,10009,,,40.728596215162,-73.978651389479,Manhattan,2026-06-08T10:51:34.000,Failed for Rat Activity,2026-06-09T11:34:08.000,"{'latitude': '40.728596215162', 'longitude': '-73.978651389479', 'human_address': '{""address"": """", ""city"": """", ""state"": """", ""zip"": """"}'}",3,2,34,1005216,East Village
Stoppage,3079730,PC8733445,1,3015520012,3,1552,12,2162,Fulton Street,11233,,,40.678232174835,-73.910217764173,Brooklyn,2026-06-08T10:53:00.000,Stoppage done,2026-06-09T10:09:45.000,"{'latitude': '40.678232174835', 'longitude': '-73.910217764173', 'human_address': '{""address"": """", ""city"": """", ""state"": """", ""zip"": """"}'}",16,37,369,3042236,Ocean Hill
Compliance,14316837,PC8709877,2,3021880020,3,2188,20,204,ROSS STREET,11211,995574,196676,40.706492800102,-73.959156463899,Brooklyn,2026-06-08T10:53:47.000,Failed for Rat Activity and Other Reason,2026-06-09T11:46:55.000,"{'latitude': '40.706492800102', 'longitude': '-73.959156463899', 'human_address': '{""address"": """", ""city"": """", ""state"": """", ""zip"": """"}'}",1,33,535,3060083,South Williamsburg
Treatments,3079631,PC8659716,3,3010080007,3,1008,7,128,9 STREET,11215,,,40.672418009247,-73.993031608883,Brooklyn,2026-06-08T10:53:58.000,Bait applied,2026-06-08T13:50:15.000,"{'latitude': '40.672418009247', 'longitude': '-73.993031608883', 'human_address': '{""address"": """", ""city"": """", ""state"": """", ""zip"": """"}'}",6,38,121,3000000,Carroll Gardens-Cobble Hill-Gowanus-Red Hook
Initial,14317067,PC8727184,1,1021220011,1,2122,11,527,WEST 162 STREET,10032,1000631,244021,40.836435251434,-73.940800972429,Manhattan,2026-06-08T10:55:00.000,Failed for Rat Activity and Other Reason,2026-06-09T11:01:33.000,"{'latitude': '40.836435251434', 'longitude': '-73.940800972429', 'human_address': '{""address"": """", ""city"": """", ""state"": """", ""zip"": """"}'}",12,10,245,1062915,Washington Heights (South)
Initial,14316760,PC8726734,1,3048980004,3,4898,4,885,TROY AVENUE,11203,1001971,176537,40.651205243563,-73.936136856925,Brooklyn,2026-06-08T10:55:47.000,Failed for Rat Activity,2026-06-09T10:12:34.000,"{'latitude': '40.651205243563', 'longitude': '-73.936136856925', 'human_address': '{""address"": """", ""city"": """", ""state"": """", ""zip"": """"}'}",17,45,860,3109867,East Flatbush-Rugby
Treatments,3079685,PC8598319,7,3051010029,3,5101,29,575,OCEAN AVENUE,11226,995135,175689,40.648888753751,-73.960773881549,Brooklyn,2026-06-08T10:55:47.000,Bait applied,2026-06-09T13:52:05.000,"{'latitude': '40.648888753751', 'longitude': '-73.960773881549', 'human_address': '{""address"": """", ""city"": """", ""state"": """", ""zip"": """"}'}",14,40,51002,3117143,Flatbush
Initial,14317112,PC8733474,1,1017560039,1,1756,39,58,EAST  132 STREET,10037,1001764,234344,40.809872212722,-73.936731799716,Manhattan,2026-06-08T10:56:00.000,Failed for Other Reason,2026-06-09T15:30:23.000,"{'latitude': '40.809872212722', 'longitude': '-73.936731799716', 'human_address': '{""address"": """", ""city"": """", ""state"": """", ""zip"": """"}'}",11,9,206,1087984,East Harlem (North)
Treatments,3079645,PC8623494,10,2031190048,2,3119,48,2145,MOHEGAN AVENUE,10460,,,40.846858671677,-73.882324256688,Bronx,2026-06-08T10:56:27.000,Bait applied,2026-06-08T14:36:05.000,"{'latitude': '40.846858671677', 'longitude': '-73.882324256688', 'human_address': '{""address"": """", ""city"": """", ""state"": """", ""zip"": """"}'}",6,15,363,2000000,West Farms
Initial,14316893,PC8735251,1,1018630017,1,1863,17,111,WEST  108 STREET,10025,,,40.800773688731,-73.962457496582,Manhattan,2026-06-08T10:56:48.000,Failed for Rat Activity,2026-06-09T14:42:30.000,"{'latitude': '40.800773688731', 'longitude': '-73.962457496582', 'human_address': '{""address"": """", ""city"": """", ""state"": """", ""zip"": """"}'}",7,7,193,1000000,Upper West Side-Manhattan Valley
Treatments,3079770,PC8629937,4,1014490001,1,1449,1,301,EAST   74 STREET,10021,996149,219803,40.769970179361,-73.957041482355,Manhattan,2026-06-08T10:58:03.000,Bait applied,2026-06-09T09:06:15.000,"{'latitude': '40.769970179361', 'longitude': '-73.957041482355', 'human_address': '{""address"": """", ""city"": """", ""state"": """", ""zip"": """"}'}",8,5,134,1044923,Upper East Side-Lenox Hill-Roosevelt Island
Initial,14317428,PC8731747,1,2055920099,2,5592,99,2821,COLLIS PLACE,10465,1034514,236183,40.814793676212,-73.818410933543,Bronx,2026-06-08T10:58:49.000,Failed for Other Reason,2026-06-09T10:38:47.000,"{'latitude': '40.814793676212', 'longitude': '-73.818410933543', 'human_address': '{""address"": """", ""city"": """", ""state"": """", ""zip"": """"}'}",10,13,132,2081115,Throgs Neck-Schuylerville
Treatments,3079665,PC8612067,9,2033270142,2,3327,142,3407,DEKALB AVENUE,10467,,,40.880500948044,-73.88242721511,Bronx,2026-06-08T11:00:00.000,Bait applied,2026-06-08T14:15:00.000,"{'latitude': '40.880500948044', 'longitude': '-73.88242721511', 'human_address': '{""address"": """", ""city"": """", ""state"": """", ""zip"": """"}'}",7,11,421,2017786,Norwood
Initial,14317275,PC8726382,1,4008560131,4,856,131,26-08,DITMARS BOULEVARD,11105,1008182,222794,40.778155256676,-73.913588517546,Queens,2026-06-08T11:00:00.000,Failed for Rat Activity,2026-06-09T10:02:28.000,"{'latitude': '40.778155256676', 'longitude': '-73.913588517546', 'human_address': '{""address"": """", ""city"": """", ""state"": """", ""zip"": """"}'}",1,22,101,4018276,Astoria (North)-Ditmars-Steinway
Treatments,3079764,PC8589053,6,4039050021,4,3905,21,98-27,74 AVENUE,11375,1027068,197592,40.708910279757,-73.845557837617,Queens,2026-06-08T11:00:03.000,Bait applied,2026-06-09T08:25:09.000,"{'latitude': '40.708910279757', 'longitude': '-73.845557837617', 'human_address': '{""address"": """", ""city"": """", ""state"": """", ""zip"": """"}'}",6,29,645,4095537,Forest Hills
Initial,14317323,PC8733101,1,2030390044,2,3039,44,444,EAST 186 STREET,10458,,,40.857455366624,-73.892803490943,Bronx,2026-06-08T11:04:29.000,Failed for Other Reason,2026-06-09T13:48:58.000,"{'latitude': '40.857455366624', 'longitude': '-73.892803490943', 'human_address': '{""address"": """", ""city"": """", ""state"": """", ""zip"": """"}'}",6,15,385,2011372,Belmont
Initial,14316845,PC8727643,1,3021940060,3,2194,60,181,KEAP STREET,11211,,,40.705106407102,-73.958367441266,Brooklyn,2026-06-08T11:05:47.000,Failed for Rat Activity,2026-06-09T11:31:35.000,"{'latitude': '40.705106407102', 'longitude': '-73.958367441266', 'human_address': '{""address"": """", ""city"": """", ""state"": """", ""zip"": """"}'}",1,33,533,3060165,South Williamsburg
Initial,14316867,PC8731202,1,1019430027,1,1943,27,307,WEST 116 STREET,10026,,,40.804567269729,-73.955707858362,Manhattan,2026-06-08T11:07:00.000,Failed for Rat Activity,2026-06-09T13:04:49.000,"{'latitude': '40.804567269729', 'longitude': '-73.955707858362', 'human_address': '{""address"": """", ""city"": """", ""state"": """", ""zip"": """"}'}",10,9,20102,1059019,Harlem (South)
Initial,14317384,PC8728743,1,1017280069,1,1728,69,418,LENOX AVENUE,10037,,,40.811461847221,-73.942777646165,Manhattan,2026-06-08T11:07:20.000,Failed for Other Reason,2026-06-09T10:25:37.000,"{'latitude': '40.811461847221', 'longitude': '-73.942777646165', 'human_address': '{""address"": """", ""city"": """", ""state"": """", ""zip"": """"}'}",10,9,208,1053811,Harlem (North)
Compliance,14317372,PC8611655,9,2033090035,2,3309,35,223,EAST 203 STREET,10458,,,40.873760495259,-73.885740517381,Bronx,2026-06-08T11:07:32.000,Failed for Rat Activity,2026-06-09T10:41:50.000,"{'latitude': '40.873760495259', 'longitude': '-73.885740517381', 'human_address': '{""address"": """", ""city"": """", ""state"": """", ""zip"": """"}'}",7,14,413,2092507,Bedford Park
Initial,14317201,PC8734511,1,4005810053,4,581,53,25-04,33 AVENUE,11106,1003947,217182,40.762762184118,-73.928896373081,Queens,2026-06-08T11:08:00.000,Failed for Rat Activity,2026-06-09T09:27:15.000,"{'latitude': '40.762762184118', 'longitude': '-73.928896373081', 'human_address': '{""address"": """", ""city"": """", ""state"": """", ""zip"": """"}'}",1,22,53,4007199,Astoria (Central)
Stoppage,3079728,PC8733444,1,3013610024,3,1361,24,1208,ST MARKS AVENUE,11213,,,40.674073627036,-73.929550073798,Brooklyn,2026-06-08T11:09:00.000,Stoppage done,2026-06-09T10:10:00.000,"{'latitude': '40.674073627036', 'longitude': '-73.929550073798', 'human_address': '{""address"": """", ""city"": """", ""state"": """", ""zip"": """"}'}",8,36,347,3036086,Crown Heights (North)
Initial,14317152,PC8734274,1,1002920013,1,292,13,102,CANAL STREET,10002,,,40.715505502733,-73.993943341283,Manhattan,2026-06-08T11:10:36.000,Failed for Other Reason,2026-06-09T09:41:57.000,"{'latitude': '40.715505502733', 'longitude': '-73.993943341283', 'human_address': '{""address"": """", ""city"": """", ""state"": """", ""zip"": """"}'}",3,1,16,1003761,Chinatown-Two Bridges
Compliance,14317139,PC8716900,2,1004410035,1,441,35,211,AVENUE A,10009,,,40.729820759444,-73.980794194713,Manhattan,2026-06-08T11:11:19.000,Failed for Rat Activity,2026-06-09T11:48:11.000,"{'latitude': '40.729820759444', 'longitude': '-73.980794194713', 'human_address': '{""address"": """", ""city"": """", ""state"": """", ""zip"": """"}'}",3,2,34,1006022,East Village
Treatments,3079638,PC8684439,4,2030620006,2,3062,6,2112,QUARRY ROAD,10457,,,40.85101961376,-73.893500692355,Bronx,2026-06-08T11:11:27.000,Bait applied,2026-06-08T14:38:00.000,"{'latitude': '40.85101961376', 'longitude': '-73.893500692355', 'human_address': '{""address"": """", ""city"": """", ""state"": """", ""zip"": """"}'}",6,15,37504,2011852,Tremont
Initial,14310356,PC8725988,1,2023697502,2,2369,7502,500,EAST  165 STREET,10456,1009561,240495,40.826736146506,-73.908542366589,Bronx,2026-06-08T11:14:00.000,Failed for Other Reason,2026-06-09T08:00:33.000,"{'latitude': '40.826736146506', 'longitude': '-73.908542366589', 'human_address': '{""address"": """", ""city"": """", ""state"": """", ""zip"": """"}'}",3,16,18501,2116712,Morrisania
Initial,14316849,PC8734090,1,3022050001,3,2205,1,613,BEDFORD AVENUE,11211,995469,195302,40.702721619844,-73.959537477046,Brooklyn,2026-06-08T11:14:47.000,Failed for Rat Activity,2026-06-09T11:25:45.000,"{'latitude': '40.702721619844', 'longitude': '-73.959537477046', 'human_address': '{""address"": """", ""city"": """", ""state"": """", ""zip"": """"}'}",1,33,533,3060304,South Williamsburg
Initial,14317449,PC8720522,1,2032750046,2,3275,46,2567,DECATUR AVENUE,10458,1014400,253577,40.862627488801,-73.890998310362,Bronx,2026-06-08T11:15:00.000,Failed for Rat Activity and Other Reason,2026-06-09T10:13:45.000,"{'latitude': '40.862627488801', 'longitude': '-73.890998310362', 'human_address': '{""address"": """", ""city"": """", ""state"": """", ""zip"": """"}'}",7,15,39901,2016320,University Heights (North)-Fordham
Treatments,3079763,PC8684510,5,4039020007,4,3902,7,104-07,UNION TURNPIKE,11375,1026021,197400,40.708388308807,-73.849335496949,Queens,2026-06-08T11:15:03.000,Bait applied,2026-06-09T08:24:57.000,"{'latitude': '40.708388308807', 'longitude': '-73.849335496949', 'human_address': '{""address"": """", ""city"": """", ""state"": """", ""zip"": """"}'}",6,29,645,4095422,Forest Hills
Treatments,3079663,PC8612099,7,,2,3327,75,15,EAST 210 STREET,,,,0.00000000000000000000,0.00000000000000000000,Bronx,2026-06-08T11:15:33.000,Bait applied,2026-06-08T14:15:45.000,"{'latitude': '0.0', 'longitude': '0.0', 'human_address': '{""address"": """", ""city"": """", ""state"": """", ""zip"": """"}'}",,,,,
Compliance,14317373,PC8611842,8,2033090035,2,3309,135,225,EAST 203 STREET,10458,,,40.873746714126,-73.8856826864,Bronx,2026-06-08T11:15:42.000,Failed for Rat Activity,2026-06-09T11:05:58.000,"{'latitude': '40.873746714126', 'longitude': '-73.8856826864', 'human_address': '{""address"": """", ""city"": """", ""state"": """", ""zip"": """"}'}",7,14,413,2092507,Bedford Park
Treatments,3079675,PC8611565,6,3052400001,3,5240,1,1198,OCEAN AVENUE,11230,995950,170032,40.633360483205,-73.957846726116,Brooklyn,2026-06-08T11:15:47.000,Bait applied,2026-06-09T13:52:03.000,"{'latitude': '40.633360483205', 'longitude': '-73.957846726116', 'human_address': '{""address"": """", ""city"": """", ""state"": """", ""zip"": """"}'}",14,45,764,3327329,Flatbush (West)-Ditmas Park-Parkville
Compliance,14317295,PC8707464,2,3058840001,3,5884,1,47,71 STREET,11209,974657,171019,40.636072125446,-74.034563491137,Brooklyn,2026-06-08T11:15:50.000,Failed for Other Reason,2026-06-09T09:31:12.000,"{'latitude': '40.636072125446', 'longitude': '-74.034563491137', 'human_address': '{""address"": """", ""city"": """", ""state"": """", ""zip"": """"}'}",10,47,34,3146154,Bay Ridge
Treatments,3079632,PC8684073,3,3010160002,3,1016,2,300,10 STREET,11215,987403,183179,40.66945329846,-73.988634062674,Brooklyn,2026-06-08T11:16:26.000,Bait applied,2026-06-08T13:49:28.000,"{'latitude': '40.66945329846', 'longitude': '-73.988634062674', 'human_address': '{""address"": """", ""city"": """", ""state"": """", ""zip"": """"}'}",6,38,139,3022520,Park Slope
Initial,14317276,PC8726384,1,4008560032,4,856,32,26-10,DITMARS BOULEVARD,11105,1008184,222792,40.778149761735,-73.913581303285,Queens,2026-06-08T11:17:00.000,Failed for Rat Activity,2026-06-09T10:01:29.000,"{'latitude': '40.778149761735', 'longitude': '-73.913581303285', 'human_address': '{""address"": """", ""city"": """", ""state"": """", ""zip"": """"}'}",1,22,101,4018245,Astoria (North)-Ditmars-Steinway
Treatments,3079616,PC8671712,3,3006360015,3,636,15,128,19 STREET,11232,985440,181392,40.664559844289,-73.995732230032,Brooklyn,2026-06-08T11:18:00.000,Bait applied,2026-06-08T13:38:33.000,"{'latitude': '40.664559844289', 'longitude': '-73.995732230032', 'human_address': '{""address"": """", ""city"": """", ""state"": """", ""zip"": """"}'}",7,38,143,3009128,Sunset Park (West)
Initial,14317154,PC8734213,1,1002920010,1,292,10,28,FORSYTH STREET,10002,,,40.715110284057,-73.994498898414,Manhattan,2026-06-08T11:19:30.000,Failed for Rat Activity,2026-06-09T09:45:25.000,"{'latitude': '40.715110284057', 'longitude': '-73.994498898414', 'human_address': '{""address"": """", ""city"": """", ""state"": """", ""zip"": """"}'}",3,1,16,1003759,Chinatown-Two Bridges
Compliance,14317374,PC8611828,9,2033080043,2,3308,43,203,EAST 202 STREET,10458,,,40.873248080592,-73.886598368393,Bronx,2026-06-08T11:23:31.000,Failed for Rat Activity,2026-06-09T11:21:55.000,"{'latitude': '40.873248080592', 'longitude': '-73.886598368393', 'human_address': '{""address"": """", ""city"": """", ""state"": """", ""zip"": """"}'}",7,14,413,2017246,Bedford Park
Initial,14317156,PC8734350,1,1002920008,1,292,8,27,FORSYTH STREET,10002,,,40.715368286352,-73.99437622905,Manhattan,2026-06-08T11:24:56.000,Failed for Rat Activity,2026-06-09T09:46:27.000,"{'latitude': '40.715368286352', 'longitude': '-73.99437622905', 'human_address': '{""address"": """", ""city"": """", ""state"": """", ""zip"": """"}'}",3,1,16,1003758,Chinatown-Two Bridges
Compliance,14317101,PC8705797,2,3023120006,3,2312,6,155,BEDFORD AVENUE,11211,996224,201114,40.718673224795,-73.95680411283,Brooklyn,2026-06-08T11:26:00.000,Failed for Rat Activity and Other Reason,2026-06-09T12:56:22.000,"{'latitude': '40.718673224795', 'longitude': '-73.95680411283', 'human_address': '{""address"": """", ""city"": """", ""state"": """", ""zip"": """"}'}",1,33,517,3061804,Williamsburg
Treatments,3079641,PC8669117,4,2030680081,2,3068,81,1997,HUGHES AVENUE,10457,,,40.847059919655,-73.89159138967,Bronx,2026-06-08T11:26:27.000,Bait applied,2026-06-08T14:37:12.000,"{'latitude': '40.847059919655', 'longitude': '-73.89159138967', 'human_address': '{""address"": """", ""city"": """", ""state"": """", ""zip"": """"}'}",6,15,373,2011983,Tremont
Compliance,14317113,PC8692316,5,1017600101,1,1760,101,2181,MADISON AVENUE,10037,1002073,235346,40.81259438873,-73.935630976192,Manhattan,2026-06-08T11:26:44.000,Failed for Rat Activity and Other Reason,2026-06-09T15:35:25.000,"{'latitude': '40.81259438873', 'longitude': '-73.935630976192', 'human_address': '{""address"": """", ""city"": """", ""state"": """", ""zip"": """"}'}",11,9,210,1082614,East Harlem (North)
Treatments,3079667,PC8594541,5,2033350110,2,3335,110,151,EAST MOSHOLU PARKWAY NORTH,10467,1017023,258502,40.876135871992,-73.881491173796,Bronx,2026-06-08T11:30:24.000,Bait applied,2026-06-08T14:13:36.000,"{'latitude': '40.876135871992', 'longitude': '-73.881491173796', 'human_address': '{""address"": """", ""city"": """", ""state"": """", ""zip"": """"}'}",7,11,419,2018005,Norwood
Treatments,3079674,PC8606225,6,3075480043,3,7548,43,2004,GLENWOOD ROAD,11210,996029,169865,40.632901999452,-73.957562394104,Brooklyn,2026-06-08T11:30:47.000,Bait applied,2026-06-09T13:52:04.000,"{'latitude': '40.632901999452', 'longitude': '-73.957562394104', 'human_address': '{""address"": """", ""city"": """", ""state"": """", ""zip"": """"}'}",14,45,766,3205715,Flatbush
Compliance,14317375,PC8611659,10,2033080051,2,3308,51,253,EAST 202 STREET,10458,,,40.872823646227,-73.884841781364,Bronx,2026-06-08T11:32:08.000,Failed for Rat Activity,2026-06-09T11:25:13.000,"{'latitude': '40.872823646227', 'longitude': '-73.884841781364', 'human_address': '{""address"": """", ""city"": """", ""state"": """", ""zip"": """"}'}",7,11,413,2017249,Bedford Park
Treatments,3079762,PC8654735,6,4033410060,4,3341,60,111-03,76 DRIVE,11375,,,40.715410132302,-73.835842683324,Queens,2026-06-08T11:35:03.000,Bait applied,2026-06-09T08:24:49.000,"{'latitude': '40.715410132302', 'longitude': '-73.835842683324', 'human_address': '{""address"": """", ""city"": """", ""state"": """", ""zip"": """"}'}",6,29,76902,4433894,Forest Hills
Initial,14316826,PC8735221,1,1001420025,1,142,25,40,HARRISON STREET,10013,981244,201179,40.718859256673,-74.010844095181,Manhattan,2026-06-08T11:35:53.000,Failed for Other Reason,2026-06-09T12:37:16.000,"{'latitude': '40.718859256673', 'longitude': '-74.010844095181', 'human_address': '{""address"": """", ""city"": """", ""state"": """", ""zip"": """"}'}",1,1,39,1083235,Tribeca-Civic Center
Treatments,3079772,PC8557947,11,1015460017,1,1546,17,327,EAST   83 STREET,10028,997443,221851,40.775589593831,-73.952365766944,Manhattan,2026-06-08T11:37:48.000,Bait applied,2026-06-09T09:09:18.000,"{'latitude': '40.775589593831', 'longitude': '-73.952365766944', 'human_address': '{""address"": """", ""city"": """", ""state"": """", ""zip"": """"}'}",8,5,138,1049926,Upper East Side-Yorkville
Treatments,3079624,PC8384265,10,3010860001,3,1086,1,506,6 STREET,11215,990010,182754,40.668285450818,-73.979236711471,Brooklyn,2026-06-08T11:39:59.000,Bait applied,2026-06-08T13:56:50.000,"{'latitude': '40.668285450818', 'longitude': '-73.979236711471', 'human_address': '{""address"": """", ""city"": """", ""state"": """", ""zip"": """"}'}",6,39,153,3337808,Park Slope
Compliance,14317277,PC8693080,2,4008820056,4,882,56,20-10,23 STREET,11105,1008648,224539,40.782943569842,-73.911899567074,Queens,2026-06-08T11:40:00.000,Failed for Rat Activity,2026-06-09T09:59:58.000,"{'latitude': '40.782943569842', 'longitude': '-73.911899567074', 'human_address': '{""address"": """", ""city"": """", ""state"": """", ""zip"": """"}'}",1,22,105,4019750,Astoria (North)-Ditmars-Steinway
Compliance,14317376,PC8612139,6,2033070012,2,3307,12,254,EAST 202 STREET,10458,,,40.872743795415,-73.884588809467,Bronx,2026-06-08T11:40:15.000,Failed for Rat Activity,2026-06-09T11:27:49.000,"{'latitude': '40.872743795415', 'longitude': '-73.884588809467', 'human_address': '{""address"": """", ""city"": """", ""state"": """", ""zip"": """"}'}",7,11,413,2017216,Bedford Park
Initial,14316873,PC8729747,1,1019430015,1,1943,15,391,MANHATTAN AVENUE,10026,,,40.80528949369,-73.956639319969,Manhattan,2026-06-08T11:41:00.000,Failed for Rat Activity,2026-06-09T13:13:37.000,"{'latitude': '40.80528949369', 'longitude': '-73.956639319969', 'human_address': '{""address"": """", ""city"": """", ""state"": """", ""zip"": """"}'}",10,9,20102,1059009,Harlem (South)
Treatments,3079639,PC8698042,4,2030370075,2,3037,75,2183,WASHINGTON AVENUE,10457,1013471,250279,40.853578509913,-73.894371365971,Bronx,2026-06-08T11:41:45.000,Bait applied,2026-06-08T14:37:41.000,"{'latitude': '40.853578509913', 'longitude': '-73.894371365971', 'human_address': '{""address"": """", ""city"": """", ""state"": """", ""zip"": """"}'}",6,15,395,2011323,Tremont
Compliance,14308877,PC8702586,2,2026810014,2,2681,14,802,EAST 168 STREET,10459,,,40.828789555854,-73.899115606942,Bronx,2026-06-08T11:44:15.000,Failed for Rat Activity,2026-06-08T16:15:32.000,"{'latitude': '40.828789555854', 'longitude': '-73.899115606942', 'human_address': '{""address"": """", ""city"": """", ""state"": """", ""zip"": """"}'}",3,17,135,2000000,Morrisania
Treatments,3079671,PC8670060,5,2033570225,2,3357,225,3488,WEBSTER AVENUE,10467,1019751,259364,40.878491229575,-73.871622015676,Bronx,2026-06-08T11:45:18.000,Bait applied,2026-06-08T14:12:08.000,"{'latitude': '40.878491229575', 'longitude': '-73.871622015676', 'human_address': '{""address"": """", ""city"": """", ""state"": """", ""zip"": """"}'}",7,11,42901,2092542,Norwood
Stoppage,3079727,PC8734063,1,3050430010,3,5043,10,1919,Bedford Ave,11225,,,40.658172848374,-73.956623583532,Brooklyn,2026-06-08T11:47:00.000,Stoppage done,2026-06-09T10:10:06.000,"{'latitude': '40.658172848374', 'longitude': '-73.956623583532', 'human_address': '{""address"": """", ""city"": """", ""state"": """", ""zip"": """"}'}",9,40,802,3115551,Prospect Lefferts Gardens-Wingate
Treatments,3079767,PC8557994,12,1015460016,1,1546,16,325,EAST   83 STREET,10028,997433,221856,40.775603332579,-73.952401862777,Manhattan,2026-06-08T11:48:06.000,Bait applied,2026-06-09T09:01:03.000,"{'latitude': '40.775603332579', 'longitude': '-73.952401862777', 'human_address': '{""address"": """", ""city"": """", ""state"": """", ""zip"": """"}'}",8,5,138,1049925,Upper East Side-Yorkville
Compliance,14317377,PC8611930,6,2033070027,2,3307,27,270,EAST 202 STREET,10458,,,40.872647326447,-73.884187616847,Bronx,2026-06-08T11:50:16.000,Failed for Rat Activity,2026-06-09T11:31:54.000,"{'latitude': '40.872647326447', 'longitude': '-73.884187616847', 'human_address': '{""address"": """", ""city"": """", ""state"": """", ""zip"": """"}'}",7,11,413,2000000,Bedford Park
Treatments,3079677,PC8684681,5,3075500025,3,7550,25,833,EAST   22 STREET,11210,996570,169621,40.632231533799,-73.955613716472,Brooklyn,2026-06-08T11:50:47.000,Bait applied,2026-06-09T13:52:04.000,"{'latitude': '40.632231533799', 'longitude': '-73.955613716472', 'human_address': '{""address"": """", ""city"": """", ""state"": """", ""zip"": """"}'}",14,45,772,3205757,Flatbush
Treatments,3079603,PC8682469,4,3006300017,3,630,17,144,17 STREET,11215,985765,181795,40.665665939967,-73.99455706087,Brooklyn,2026-06-08T11:51:00.000,Bait applied,2026-06-08T13:46:44.000,"{'latitude': '40.665665939967', 'longitude': '-73.99455706087', 'human_address': '{""address"": """", ""city"": """", ""state"": """", ""zip"": """"}'}",7,38,143,3008940,Sunset Park (West)
Compliance,14317143,PC8720184,2,1004550020,1,455,20,326,EAST 14 STREET,10003,,,40.731920990972,-73.983957972613,Manhattan,2026-06-08T11:52:34.000,Failed for Rat Activity,2026-06-09T12:00:17.000,"{'latitude': '40.731920990972', 'longitude': '-73.983957972613', 'human_address': '{""address"": """", ""city"": """", ""state"": """", ""zip"": """"}'}",3,2,4001,1000000,East Village
Stoppage,3079729,PC8733494,1,3011890017,3,1189,17,916,Carroll Street,11225,,,40.668472884028,-73.961158841964,Brooklyn,2026-06-08T11:56:00.000,Stoppage done,2026-06-09T10:09:53.000,"{'latitude': '40.668472884028', 'longitude': '-73.961158841964', 'human_address': '{""address"": """", ""city"": """", ""state"": """", ""zip"": """"}'}",9,35,213,3029712,Crown Heights (South)
Treatments,3079636,PC8682966,4,2031020054,2,3102,54,2319,PROSPECT AVENUE,10458,,,40.852088621403,-73.883529521018,Bronx,2026-06-08T11:56:13.000,Bait applied,2026-06-08T14:38:40.000,"{'latitude': '40.852088621403', 'longitude': '-73.883529521018', 'human_address': '{""address"": """", ""city"": """", ""state"": """", ""zip"": """"}'}",6,15,393,2012845,Belmont
Initial,14317070,PC8733484,1,1021290040,1,2129,40,524,WEST  173 STREET,10032,1002109,246509,40.843269523857,-73.935474680899,Manhattan,2026-06-08T11:59:00.000,Failed for Other Reason,2026-06-09T11:05:48.000,"{'latitude': '40.843269523857', 'longitude': '-73.935474680899', 'human_address': '{""address"": """", ""city"": """", ""state"": """", ""zip"": """"}'}",12,10,253,1063102,Washington Heights (South)
Initial,14317204,PC8728325,1,4006240016,4,624,16,31-63,34 STREET,11106,1005801,216832,40.761797177525,-73.922204802247,Queens,2026-06-08T12:00:00.000,Failed for Rat Activity,2026-06-09T09:26:16.000,"{'latitude': '40.761797177525', 'longitude': '-73.922204802247', 'human_address': '{""address"": """", ""city"": """", ""state"": """", ""zip"": """"}'}",1,22,61,4008944,Astoria (Central)
Initial,14316894,PC8735253,1,1018590001,1,1859,1,905,AMSTERDAM AVENUE,10025,,,40.799325713179,-73.966503600931,Manhattan,2026-06-08T12:00:18.000,Failed for Rat Activity,2026-06-09T14:44:03.000,"{'latitude': '40.799325713179', 'longitude': '-73.966503600931', 'human_address': '{""address"": """", ""city"": """", ""state"": """", ""zip"": """"}'}",7,7,189,1076625,Upper West Side-Manhattan Valley
Treatments,3079659,PC8697176,4,2033560120,2,3356,120,3506,HULL AVENUE,10467,1019262,259583,40.879094284439,-73.873389175828,Bronx,2026-06-08T12:00:28.000,Bait applied,2026-06-08T14:24:32.000,"{'latitude': '40.879094284439', 'longitude': '-73.873389175828', 'human_address': '{""address"": """", ""city"": """", ""state"": """", ""zip"": """"}'}",7,11,43102,2018643,Norwood
Compliance,14317378,PC8611779,10,2033080077,2,3308,77,3021,BRIGGS AVENUE,10458,,,40.872616528218,-73.883587437843,Bronx,2026-06-08T12:00:43.000,Failed for Rat Activity,2026-06-09T11:34:16.000,"{'latitude': '40.872616528218', 'longitude': '-73.883587437843', 'human_address': '{""address"": """", ""city"": """", ""state"": """", ""zip"": """"}'}",7,11,413,2017259,Bedford Park
Stoppage,3079736,PC8728025,1,3011730055,3,1173,55,810,WASHINGTON AVENUE,11238,,,40.673814832253,-73.963008708421,Brooklyn,2026-06-08T12:08:00.000,Stoppage done,2026-06-09T10:09:09.000,"{'latitude': '40.673814832253', 'longitude': '-73.963008708421', 'human_address': '{""address"": """", ""city"": """", ""state"": """", ""zip"": """"}'}",8,35,207,3029406,Prospect Heights
Initial,14316721,PC8728404,1,3030430019,3,3043,19,193,GRAHAM AVENUE,11206,999933,197471,40.708668213918,-73.943432516509,Brooklyn,2026-06-08T12:09:00.000,Failed for Rat Activity,2026-06-09T12:26:35.000,"{'latitude': '40.708668213918', 'longitude': '-73.943432516509', 'human_address': '{""address"": """", ""city"": """", ""state"": """", ""zip"": """"}'}",1,34,505,3070976,East Williamsburg
Treatments,3079635,PC8682587,4,2031020032,2,3102,32,2373,PROSPECT AVENUE,10458,,,40.85357824893,-73.88277863439,Bronx,2026-06-08T12:11:44.000,Bait applied,2026-06-08T14:38:54.000,"{'latitude': '40.85357824893', 'longitude': '-73.88277863439', 'human_address': '{""address"": """", ""city"": """", ""state"": """", ""zip"": """"}'}",6,15,393,2012838,Belmont
Compliance,14317071,PC8705837,2,1021300036,1,2130,36,530,WEST  174 STREET,10033,1002192,246766,40.843966505332,-73.935152329974,Manhattan,2026-06-08T12:12:00.000,Failed for Rat Activity,2026-06-09T11:07:27.000,"{'latitude': '40.843966505332', 'longitude': '-73.935152329974', 'human_address': '{""address"": """", ""city"": """", ""state"": """", ""zip"": """"}'}",12,10,261,1063131,Washington Heights (South)
Initial,14317205,PC8727968,1,4006460016,4,646,16,32-51,35 STREET,11106,1005713,216194,40.760046237337,-73.922524510907,Queens,2026-06-08T12:15:00.000,Failed for Rat Activity,2026-06-09T09:25:55.000,"{'latitude': '40.760046237337', 'longitude': '-73.922524510907', 'human_address': '{""address"": """", ""city"": """", ""state"": """", ""zip"": """"}'}",1,22,59,4009682,Astoria (Central)
Treatments,3079670,PC8652884,6,2033510022,2,3351,22,3278,HULL AVENUE,10467,1018850,258520,40.876178276814,-73.874884564846,Bronx,2026-06-08T12:15:22.000,Bait applied,2026-06-08T14:12:29.000,"{'latitude': '40.876178276814', 'longitude': '-73.874884564846', 'human_address': '{""address"": """", ""city"": """", ""state"": """", ""zip"": """"}'}",7,11,42902,2018465,Norwood
Compliance,14317431,PC8685167,2,2042380011,2,4238,11,3104,WILKINSON AVENUE,10461,1031509,249597,40.851628177558,-73.829172216951,Bronx,2026-06-08T12:15:49.000,Failed for Other Reason,2026-06-09T10:54:51.000,"{'latitude': '40.851628177558', 'longitude': '-73.829172216951', 'human_address': '{""address"": """", ""city"": """", ""state"": """", ""zip"": """"}'}",10,13,300,2047436,Pelham Bay-Country Club-City Island
Initial,14317119,PC8736223,1,,1,323,2,326,DELANCEY STREET,10002,,,40.71542125605,-73.978244393851,Manhattan,2026-06-08T12:16:41.000,Failed for Other Reason,2026-06-09T10:40:27.000,"{'latitude': '40.71542125605', 'longitude': '-73.978244393851', 'human_address': '{""address"": """", ""city"": """", ""state"": """", ""zip"": """"}'}",3,2,1002,,Lower East Side
Compliance,14317300,PC8653586,4,3058710045,3,5871,45,276,BAY RIDGE AVENUE,11220,,,40.635865672988,-74.026492709089,Brooklyn,2026-06-08T12:25:39.000,Failed for Rat Activity and Other Reason,2026-06-09T18:21:27.000,"{'latitude': '40.635865672988', 'longitude': '-74.026492709089', 'human_address': '{""address"": """", ""city"": """", ""state"": """", ""zip"": """"}'}",10,47,68,3145620,Bay Ridge
Treatments,3079634,PC8683008,4,2031020019,2,3102,19,2344,CROTONA AVENUE,10458,,,40.852822107337,-73.884164433007,Bronx,2026-06-08T12:26:49.000,Bait applied,2026-06-08T14:39:09.000,"{'latitude': '40.852822107337', 'longitude': '-73.884164433007', 'human_address': '{""address"": """", ""city"": """", ""state"": """", ""zip"": """"}'}",6,15,393,2012830,Belmont
Initial,14316885,PC8731372,1,1019430009,1,1943,9,367,WEST 116 STREET,10026,,,40.805254074445,-73.957340106886,Manhattan,2026-06-08T12:27:00.000,Failed for Rat Activity,2026-06-09T14:07:03.000,"{'latitude': '40.805254074445', 'longitude': '-73.957340106886', 'human_address': '{""address"": """", ""city"": """", ""state"": """", ""zip"": """"}'}",10,9,20102,1059003,Harlem (South)
Stoppage,3079732,PC8727933,1,3020980011,3,2098,11,63,ft greene pl,11217,,,40.688157153635,-73.976771333219,Brooklyn,2026-06-08T12:27:00.000,Stoppage done,2026-06-09T10:09:27.000,"{'latitude': '40.688157153635', 'longitude': '-73.976771333219', 'human_address': '{""address"": """", ""city"": """", ""state"": """", ""zip"": """"}'}",2,35,33,3058751,Fort Greene
Initial,14317072,PC8732397,1,1021310058,1,2131,58,515,WEST  174 STREET,10033,1002301,246710,40.843812577198,-73.934758523358,Manhattan,2026-06-08T12:30:00.000,Failed for Rat Activity,2026-06-09T11:09:18.000,"{'latitude': '40.843812577198', 'longitude': '-73.934758523358', 'human_address': '{""address"": """", ""city"": """", ""state"": """", ""zip"": """"}'}",12,10,261,1063175,Washington Heights (South)
Treatments,3079666,PC8609684,7,2033320004,2,3332,4,3038,HULL AVENUE,10467,,,40.871720169065,-73.879394671522,Bronx,2026-06-08T12:30:51.000,Bait applied,2026-06-08T14:14:02.000,"{'latitude': '40.871720169065', 'longitude': '-73.879394671522', 'human_address': '{""address"": """", ""city"": """", ""state"": """", ""zip"": """"}'}",7,11,425,2017911,Norwood
Initial,14317280,PC8734531,1,4008307501,4,830,7501,21-58,35 STREET,11105,1009747,221887,40.775661373127,-73.907941217357,Queens,2026-06-08T12:31:00.000,Failed for Rat Activity and Other Reason,2026-06-09T09:56:24.000,"{'latitude': '40.775661373127', 'longitude': '-73.907941217357', 'human_address': '{""address"": """", ""city"": """", ""state"": """", ""zip"": """"}'}",1,22,113,4442355,Astoria (North)-Ditmars-Steinway
Initial,14316671,PC8726011,1,2029820050,2,2982,50,937,EAST  172 STREET,10460,1014964,243079,40.833811345211,-73.889007551459,Bronx,2026-06-08T12:31:15.000,Failed for Rat Activity and Other Reason,2026-06-09T07:57:09.000,"{'latitude': '40.833811345211', 'longitude': '-73.889007551459', 'human_address': '{""address"": """", ""city"": """", ""state"": """", ""zip"": """"}'}",3,17,157,2010598,Crotona Park East
Initial,14317115,PC8734078,1,1019660077,1,1966,77,418,WEST  126 STREET,10027,996885,235325,40.812573164269,-73.954355016344,Manhattan,2026-06-08T12:31:44.000,Failed for Other Reason,2026-06-09T15:46:28.000,"{'latitude': '40.812573164269', 'longitude': '-73.954355016344', 'human_address': '{""address"": """", ""city"": """", ""state"": """", ""zip"": """"}'}",9,7,20901,1090761,Morningside Heights
Initial,14316888,PC8728566,1,1019430011,1,1943,11,361,WEST 116 STREET,10026,,,40.80519913383,-73.95721732807,Manhattan,2026-06-08T12:41:00.000,Failed for Rat Activity,2026-06-09T14:09:00.000,"{'latitude': '40.80519913383', 'longitude': '-73.95721732807', 'human_address': '{""address"": """", ""city"": """", ""state"": """", ""zip"": """"}'}",10,9,20102,1059005,Harlem (South)
Treatments,3079640,PC8669245,4,2030680068,2,3068,68,2004,ARTHUR AVENUE,10457,,,40.847401368649,-73.892765538406,Bronx,2026-06-08T12:41:06.000,Bait applied,2026-06-08T14:37:25.000,"{'latitude': '40.847401368649', 'longitude': '-73.892765538406', 'human_address': '{""address"": """", ""city"": """", ""state"": """", ""zip"": """"}'}",6,15,373,2011981,Tremont
Initial,14317301,PC8719284,1,3059080043,3,5908,43,7224,4 AVENUE,11209,977495,169765,40.63263279738,-74.024336943664,Brooklyn,2026-06-08T12:52:39.000,Failed for Rat Activity and Other Reason,2026-06-09T18:22:09.000,"{'latitude': '40.63263279738', 'longitude': '-74.024336943664', 'human_address': '{""address"": """", ""city"": """", ""state"": """", ""zip"": """"}'}",10,47,66,3147359,Bay Ridge
Treatments,3079643,PC8682815,5,2030800072,2,3080,72,679,EAST 179 STREET,10457,,,40.847025875534,-73.890423973575,Bronx,2026-06-08T12:56:27.000,Bait applied,2026-06-08T14:36:37.000,"{'latitude': '40.847025875534', 'longitude': '-73.890423973575', 'human_address': '{""address"": """", ""city"": """", ""state"": """", ""zip"": """"}'}",6,15,373,2118203,Tremont
Compliance,14317116,PC8611508,9,1019820031,1,1982,31,504,WEST  126 STREET,10027,999781,233650,40.814431987726,-73.95597221916,Manhattan,2026-06-08T12:59:44.000,Failed for Rat Activity,2026-06-09T15:50:14.000,"{'latitude': '40.814431987726', 'longitude': '-73.95597221916', 'human_address': '{""address"": """", ""city"": """", ""state"": """", ""zip"": """"}'}",9,7,219,1059703,Manhattanville-West Harlem
Compliance,14316827,PC8685785,2,1000787505,1,78,7505,39,JOHN STREET,10038,981988,197714,40.709348855259,-74.008158958775,Manhattan,2026-06-08T13:00:07.000,Failed for Rat Activity,2026-06-09T12:38:17.000,"{'latitude': '40.709348855259', 'longitude': '-74.008158958775', 'human_address': '{""address"": """", ""city"": """", ""state"": """", ""zip"": """"}'}",1,1,1502,1001200,Financial District-Battery Park City
Initial,14316726,PC8735249,1,,2,2324,5,000,MORRIS AVENUE,,,,0.00000000000000000000,0.00000000000000000000,Bronx,2026-06-08T13:00:45.000,Failed for Rat Activity and Other Reason,2026-06-09T14:12:20.000,"{'latitude': '0.0', 'longitude': '0.0', 'human_address': '{""address"": """", ""city"": """", ""state"": """", ""zip"": """"}'}",,,,,
Treatments,3079680,PC8302422,19,3067030035,3,6703,35,855,EAST   19 STREET,11230,995795,168783,40.629932453947,-73.958407311733,Brooklyn,2026-06-08T13:00:47.000,Bait applied,2026-06-09T08:46:14.000,"{'latitude': '40.629932453947', 'longitude': '-73.958407311733', 'human_address': '{""address"": """", ""city"": """", ""state"": """", ""zip"": """"}'}",14,45,764,3179451,Flatbush (West)-Ditmas Park-Parkville
Initial,14317359,PC8733026,1,2030400013,2,3040,13,458,EAST 187 STREET,10458,,,40.857890962576,-73.891931557551,Bronx,2026-06-08T13:00:55.000,Failed for Rat Activity,2026-06-09T14:48:19.000,"{'latitude': '40.857890962576', 'longitude': '-73.891931557551', 'human_address': '{""address"": """", ""city"": """", ""state"": """", ""zip"": """"}'}",6,15,385,2011395,Belmont
Initial,14317420,PC8729877,1,1017280042,1,1728,42,4,WEST 131 STREET,10037,,,40.810414689439,-73.940015013575,Manhattan,2026-06-08T13:01:20.000,Failed for Other Reason,2026-06-09T10:56:06.000,"{'latitude': '40.810414689439', 'longitude': '-73.940015013575', 'human_address': '{""address"": """", ""city"": """", ""state"": """", ""zip"": """"}'}",10,9,208,1081379,Harlem (North)
Initial,14317360,PC8733323,1,2030400012,2,3040,12,456,EAST 187 STREET,10458,,,40.857912964585,-73.891978517412,Bronx,2026-06-08T13:03:55.000,Failed for Rat Activity,2026-06-09T14:48:00.000,"{'latitude': '40.857912964585', 'longitude': '-73.891978517412', 'human_address': '{""address"": """", ""city"": """", ""state"": """", ""zip"": """"}'}",6,15,385,2011394,Belmont
Initial,14316895,PC8735254,1,1018550100,1,1855,100,825,AMSTERDAM AVENUE,10025,,,40.796770879911,-73.968364928262,Manhattan,2026-06-08T13:04:13.000,Failed for Rat Activity,2026-06-09T15:00:48.000,"{'latitude': '40.796770879911', 'longitude': '-73.968364928262', 'human_address': '{""address"": """", ""city"": """", ""state"": """", ""zip"": """"}'}",7,7,189,1000000,Upper West Side-Manhattan Valley
Treatments,3079604,PC8678194,4,3006300018,3,630,18,146,17 STREET,11215,985779,181784,40.665638489782,-73.994506598803,Brooklyn,2026-06-08T13:06:00.000,Bait applied,2026-06-08T13:46:08.000,"{'latitude': '40.665638489782', 'longitude': '-73.994506598803', 'human_address': '{""address"": """", ""city"": """", ""state"": """", ""zip"": """"}'}",7,38,143,3008941,Sunset Park (West)
Initial,14317216,PC8733481,1,3013270001,3,1327,1,57,LINCOLN ROAD,11225,995314,180097,40.660987517669,-73.960121562388,Brooklyn,2026-06-08T13:10:44.000,Failed for Rat Activity,2026-06-09T09:46:26.000,"{'latitude': '40.660987517669', 'longitude': '-73.960121562388', 'human_address': '{""address"": """", ""city"": """", ""state"": """", ""zip"": """"}'}",9,40,79801,3340289,Prospect Lefferts Gardens-Wingate
Initial,14317362,PC8733186,1,2030400007,2,3040,7,440,EAST 187 STREET,10458,,,40.858078007821,-73.892361445382,Bronx,2026-06-08T13:10:55.000,Failed for Rat Activity and Other Reason,2026-06-09T14:29:29.000,"{'latitude': '40.858078007821', 'longitude': '-73.892361445382', 'human_address': '{""address"": """", ""city"": """", ""state"": """", ""zip"": """"}'}",6,15,385,2000000,Belmont
Treatments,3079644,PC8682618,5,2030800077,2,3080,77,663,OAKLAND PLACE,10457,,,40.847758525757,-73.890220349814,Bronx,2026-06-08T13:11:18.000,Bait applied,2026-06-08T14:36:22.000,"{'latitude': '40.847758525757', 'longitude': '-73.890220349814', 'human_address': '{""address"": """", ""city"": """", ""state"": """", ""zip"": """"}'}",6,15,373,2102303,Tremont
Treatments,3079627,PC8547191,8,3007920001,3,792,1,5021,5 AVENUE,11220,981386,174306,40.644928781324,-74.010482496704,Brooklyn,2026-06-08T13:12:20.000,Bait applied,2026-06-08T13:54:26.000,"{'latitude': '40.644928781324', 'longitude': '-74.010482496704', 'human_address': '{""address"": """", ""city"": """", ""state"": """", ""zip"": """"}'}",7,38,98,3013301,Sunset Park (Central)
Treatments,3079610,PC8576355,9,3008690018,3,869,18,388,PROSPECT AVENUE,11215,988352,180064,40.660902925328,-73.985215009225,Brooklyn,2026-06-08T13:20:00.000,Bait applied,2026-06-08T13:42:42.000,"{'latitude': '40.660902925328', 'longitude': '-73.985215009225', 'human_address': '{""address"": """", ""city"": """", ""state"": """", ""zip"": """"}'}",7,39,14902,3016510,Windsor Terrace-South Slope
Initial,14317461,PC8725416,1,4103680252,4,10368,252,102-11,189 STREET,11423,1048384,197274,40.70790811859,-73.76867554331,Queens,2026-06-08T13:20:26.000,Failed for Other Reason,2026-06-09T10:11:13.000,"{'latitude': '40.70790811859', 'longitude': '-73.76867554331', 'human_address': '{""address"": """", ""city"": """", ""state"": """", ""zip"": """"}'}",12,27,404,4220858,St. Albans
Treatments,3079678,PC8598306,8,3067120068,3,6712,68,1430,OCEAN AVENUE,11230,996274,167781,40.627181541757,-73.95668343071,Brooklyn,2026-06-08T13:25:00.000,Bait applied,2026-06-09T13:52:00.000,"{'latitude': '40.627181541757', 'longitude': '-73.95668343071', 'human_address': '{""address"": """", ""city"": """", ""state"": """", ""zip"": """"}'}",14,44,762,3179804,Midwood
Initial,14317207,PC8736231,1,4003980033,4,398,33,39-22,29 STREET,11101,,,40.753139834307,-73.934829623846,Queens,2026-06-08T13:25:00.000,Failed for Rat Activity,2026-06-09T09:24:52.000,"{'latitude': '40.753139834307', 'longitude': '-73.934829623846', 'human_address': '{""address"": """", ""city"": """", ""state"": """", ""zip"": """"}'}",1,26,31,4004835,Queensbridge-Ravenswood-Dutch Kills
Initial,14317319,PC8730637,1,2023480001,2,2348,1,137,EAST 150 STREET,10451,,,40.81973430389,-73.927801954612,Bronx,2026-06-08T13:25:56.000,Failed for Other Reason,2026-06-09T10:54:42.000,"{'latitude': '40.81973430389', 'longitude': '-73.927801954612', 'human_address': '{""address"": """", ""city"": """", ""state"": """", ""zip"": """"}'}",4,8,6301,2001063,Concourse-Concourse Village
Treatments,3079646,PC8670809,8,2030910095,2,3091,95,693,EAST 189 STREET,10458,,,40.856128808217,-73.883468194259,Bronx,2026-06-08T13:26:31.000,Bait applied,2026-06-08T14:35:44.000,"{'latitude': '40.856128808217', 'longitude': '-73.883468194259', 'human_address': '{""address"": """", ""city"": """", ""state"": """", ""zip"": """"}'}",6,15,389,2012604,Belmont
Treatments,3079628,PC8356083,13,3007920019,3,792,19,542,50 STREET,11220,981659,174086,40.644495205048,-74.009336532065,Brooklyn,2026-06-08T13:29:16.000,Bait applied,2026-06-08T13:53:22.000,"{'latitude': '40.644495205048', 'longitude': '-74.009336532065', 'human_address': '{""address"": """", ""city"": """", ""state"": """", ""zip"": """"}'}",7,38,98,3013315,Sunset Park (Central)
Treatments,3079676,PC8386187,16,3067120086,3,6712,86,1464,OCEAN AVENUE,11230,996307,167561,40.626577644434,-73.956564942432,Brooklyn,2026-06-08T13:35:00.000,Bait applied,2026-06-09T13:51:53.000,"{'latitude': '40.626577644434', 'longitude': '-73.956564942432', 'human_address': '{""address"": """", ""city"": """", ""state"": """", ""zip"": """"}'}",14,44,762,3179812,Midwood
Initial,14317318,PC8730264,1,2023480035,2,2348,35,139,EAST 150 STREET,10451,,,40.819720548378,-73.927751387966,Bronx,2026-06-08T13:35:56.000,Failed for Other Reason,2026-06-09T10:55:12.000,"{'latitude': '40.819720548378', 'longitude': '-73.927751387966', 'human_address': '{""address"": """", ""city"": """", ""state"": """", ""zip"": """"}'}",4,8,6301,2001074,Concourse-Concourse Village
Treatments,3079647,PC8606824,12,2031020062,2,3102,62,743,EAST 183 STREET,10458,,,40.851636504105,-73.884285791322,Bronx,2026-06-08T13:41:16.000,Bait applied,2026-06-08T14:35:22.000,"{'latitude': '40.851636504105', 'longitude': '-73.884285791322', 'human_address': '{""address"": """", ""city"": """", ""state"": """", ""zip"": """"}'}",6,15,393,2012853,Belmont
Initial,14317316,PC8731323,1,2023480015,2,2348,15,150,EAST 151 STREET,10451,,,40.821224559686,-73.927579935155,Bronx,2026-06-08T13:45:46.000,Failed for Rat Activity,2026-06-09T10:59:43.000,"{'latitude': '40.821224559686', 'longitude': '-73.927579935155', 'human_address': '{""address"": """", ""city"": """", ""state"": """", ""zip"": """"}'}",4,8,6301,2120119,Concourse-Concourse Village
Treatments,3079658,PC8357942,11,3007920020,3,792,20,544,50 STREET,11220,981668,174079,40.644475994219,-74.009304098349,Brooklyn,2026-06-08T13:47:46.000,Bait applied,2026-06-08T13:56:12.000,"{'latitude': '40.644475994219', 'longitude': '-74.009304098349', 'human_address': '{""address"": """", ""city"": """", ""state"": """", ""zip"": """"}'}",7,38,98,3013316,Sunset Park (Central)
Treatments,3079602,PC8622790,6,3004410034,3,441,34,234,4 AVENUE,11215,,,40.677066653882,-73.983289832893,Brooklyn,2026-06-08T13:52:00.000,Bait applied,2026-06-08T13:47:45.000,"{'latitude': '40.677066653882', 'longitude': '-73.983289832893', 'human_address': '{""address"": """", ""city"": """", ""state"": """", ""zip"": """"}'}",6,39,11901,3007374,Carroll Gardens-Cobble Hill-Gowanus-Red Hook
Initial,14317463,PC8735263,1,4104930069,4,10493,69,88-20,199 STREET,11423,1049867,201258,40.718832322338,-73.763287566309,Queens,2026-06-08T14:50:26.000,Failed for Other Reason,2026-06-09T10:09:08.000,"{'latitude': '40.718832322338', 'longitude': '-73.763287566309', 'human_address': '{""address"": """", ""city"": """", ""state"": """", ""zip"": """"}'}",12,23,47802,4223455,Hollis
Treatments,3079815,PC8684973,3,1007640075,1,764,75,92,8 AVENUE,10011,,,40.740134425233,-74.002226530749,Manhattan,2026-06-09T09:30:16.000,Bait applied,2026-06-09T14:40:31.000,"{'latitude': '40.740134425233', 'longitude': '-74.002226530749', 'human_address': '{""address"": """", ""city"": """", ""state"": """", ""zip"": """"}'}",4,3,81,1000000,Chelsea-Hudson Yards
Treatments,3079816,PC8685060,3,1007667502,1,766,7502,124,8 AVENUE,10011,,,40.741199405728,-74.001450696472,Manhattan,2026-06-09T09:46:38.000,Bait applied,2026-06-09T14:40:54.000,"{'latitude': '40.741199405728', 'longitude': '-74.001450696472', 'human_address': '{""address"": """", ""city"": """", ""state"": """", ""zip"": """"}'}",4,3,81,1076135,Chelsea-Hudson Yards
Initial,14317532,PC8732578,1,2030360051,2,3036,51,2041,WASHINGTON AVENUE,10457,,,40.85023989478,-73.896267144326,Bronx,2026-06-09T09:59:00.000,Failed for Other Reason,2026-06-09T15:22:01.000,"{'latitude': '40.85023989478', 'longitude': '-73.896267144326', 'human_address': '{""address"": """", ""city"": """", ""state"": """", ""zip"": """"}'}",6,15,395,2011285,Tremont
Treatments,3079817,PC8680288,3,1007920070,1,792,70,113,7 AVENUE,10011,,,40.740312845052,-73.998383325029,Manhattan,2026-06-09T10:06:15.000,Bait applied,2026-06-09T14:46:51.000,"{'latitude': '40.740312845052', 'longitude': '-73.998383325029', 'human_address': '{""address"": """", ""city"": """", ""state"": """", ""zip"": """"}'}",4,3,81,1080576,Chelsea-Hudson Yards
Treatments,3079818,PC8680258,3,1007910078,1,791,78,91,7 AVENUE,10011,,,40.739596468036,-73.998906591007,Manhattan,2026-06-09T10:24:26.000,Bait applied,2026-06-09T14:49:37.000,"{'latitude': '40.739596468036', 'longitude': '-73.998906591007', 'human_address': '{""address"": """", ""city"": """", ""state"": """", ""zip"": """"}'}",4,3,81,1014571,Chelsea-Hudson Yards
Treatments,3079820,PC8685017,3,1007650021,1,765,21,227,WEST 15 STREET,10011,,,40.739645878912,-74.000129910076,Manhattan,2026-06-09T10:42:21.000,Bait applied,2026-06-09T14:53:32.000,"{'latitude': '40.739645878912', 'longitude': '-74.000129910076', 'human_address': '{""address"": """", ""city"": """", ""state"": """", ""zip"": """"}'}",4,3,81,1013769,Chelsea-Hudson Yards
Treatments,3079800,PC8681075,4,3017750062,3,1775,62,717,DEKALB AVENUE,11216,,,40.691844613031,-73.947319706718,Brooklyn,2026-06-09T10:51:11.000,Monitoring visit,2026-06-09T13:45:39.000,"{'latitude': '40.691844613031', 'longitude': '-73.947319706718', 'human_address': '{""address"": """", ""city"": """", ""state"": """", ""zip"": """"}'}",3,36,261,3049514,Bedford-Stuyvesant (West)
Treatments,3079796,PC8695211,5,3016030129,3,1603,129,1064,DEKALB AVENUE,11221,,,40.693568593557,-73.932154644148,Brooklyn,2026-06-09T11:05:22.000,Bait applied,2026-06-09T13:49:13.000,"{'latitude': '40.693568593557', 'longitude': '-73.932154644148', 'human_address': '{""address"": """", ""city"": """", ""state"": """", ""zip"": """"}'}",3,36,289,3335616,Bedford-Stuyvesant (East)
Treatments,3079795,PC8702030,4,3032350051,3,3235,51,1411,DEKALB AVENUE,11237,1005476,194326,40.700024307534,-73.923449263836,Brooklyn,2026-06-09T11:22:22.000,Bait applied,2026-06-09T13:50:21.000,"{'latitude': '40.700024307534', 'longitude': '-73.923449263836', 'human_address': '{""address"": """", ""city"": """", ""state"": """", ""zip"": """"}'}",4,37,429,3073581,Bushwick (West)
Treatments,3079799,PC8671961,6,3032350042,3,3235,42,1433,DEKALB AVENUE,11237,1005564,194444,40.700347978119,-73.923131520572,Brooklyn,2026-06-09T11:35:01.000,Monitoring visit,2026-06-09T13:46:32.000,"{'latitude': '40.700347978119', 'longitude': '-73.923131520572', 'human_address': '{""address"": """", ""city"": """", ""state"": """", ""zip"": """"}'}",4,37,429,3423703,Bushwick (West)
Treatments,3079798,PC8650577,7,3032480018,3,3248,18,1580,DEKALB AVENUE,11237,,,40.703441982581,-73.920062288956,Brooklyn,2026-06-09T13:02:11.000,Bait applied,2026-06-09T13:47:07.000,"{'latitude': '40.703441982581', 'longitude': '-73.920062288956', 'human_address': '{""address"": """", ""city"": """", ""state"": """", ""zip"": """"}'}",4,37,445,3000000,Bushwick (West)
Treatments,3079803,PC8692286,3,3054280031,3,5428,31,250,PARKVILLE AVENUE,11230,992613,169396,40.631618595121,-73.969870206325,Brooklyn,2026-06-09T13:50:54.000,Bait applied,2026-06-09T14:10:33.000,"{'latitude': '40.631618595121', 'longitude': '-73.969870206325', 'human_address': '{""address"": """", ""city"": """", ""state"": """", ""zip"": """"}'}",14,45,482,3128143,Flatbush (West)-Ditmas Park-Parkville
Treatments,3079804,PC8678167,3,3067030067,3,6703,67,1360,OCEAN AVENUE,11230,996182,168416,40.628990482694,-73.957024499808,Brooklyn,2026-06-09T14:10:54.000,Bait applied,2026-06-09T14:11:27.000,"{'latitude': '40.628990482694', 'longitude': '-73.957024499808', 'human_address': '{""address"": """", ""city"": """", ""state"": """", ""zip"": """"}'}",14,45,764,3179458,Flatbush (West)-Ditmas Park-Parkville
